date,diesel_heatining_price,workforce,inactives,employment_rate,activity_rate,unemployment_rate,industry_production_prices,companies_trust,gasoline_car_price,diesel_price,GPL_price
2005-04-01,1.02208,23905030,14467207,57.37,62.3,7.92,78.3,93.0,1.21972,1.1063,0.55373
2005-05-01,9974.0,23892852,14491091,57.62,62.25,7.44,78.2,92.2,1.20874,1.07075,0.55322
2005-06-01,1.03456,23955620,14426254,57.66,62.41,7.61,78.6,89.9,1.209,1.09044,0.5532
2005-07-01,1.06796,23506991,14874186,57.19,61.25,6.62,78.8,92.2,1.24486,1.13104,0.55342
2005-08-01,1.07425,23335841,15043225,56.85,60.8,6.51,79.1,93.3,1.25586,1.14061,0.55399
2005-09-01,1.12932,24081043,14297054,57.52,62.75,8.33,79.4,92.7,1.30359,1.18241,0.57017
2005-10-01,1.13853,24199640,14177120,57.61,63.06,8.64,79.7,98.3,1.32138,1.21112,0.59652
2005-11-01,1.09918,24132612,14243667,57.68,62.88,8.27,79.5,100.5,1.24377,1.14461,0.61178
2005-12-01,1.08862,23900922,14473895,57.43,62.28,7.8,79.6,100.0,1.22003,1.11945,0.63607
2006-01-01,1.10259,23761084,14612959,57.02,61.92,7.91,80.7,99.7,1.24831,1.14696,0.66087
2006-02-01,1.10589,24095845,14278898,57.72,62.79,8.07,81.2,98.3,1.24877,1.15089,0.67576
2006-03-01,1.11425,24062159,14311301,58.07,62.71,7.39,81.6,100.6,1.25342,1.16323,0.68037
2006-04-01,1.12809,24126925,14246599,58.51,62.87,6.94,82.1,104.1,1.29851,1.17856,0.66035
2006-05-01,1.14544,24200466,14172721,58.69,63.07,6.93,82.3,103.0,1.34137,1.20487,0.65159
2006-06-01,1.13689,24025684,14347835,58.72,62.61,6.21,82.5,103.4,1.33652,1.197,0.65159
2006-07-01,1.14413,23848897,14526617,58.58,62.15,5.74,83.3,100.8,1.3715,1.20307,0.65159
2006-08-01,1.14892,23568455,14808095,57.79,61.41,5.9,83.3,100.7,1.37496,1.20667,0.65113
2006-09-01,1.12219,24027934,14351436,58.19,62.61,7.05,82.6,102.2,1.26975,1.16881,0.65031
2006-10-01,1.08659,24081980,14298789,58.0,62.74,7.57,82.6,100.6,1.22256,1.11964,0.61962
2006-11-01,1.07989,24169986,14213074,58.44,62.97,7.2,82.4,100.7,1.21952,1.11558,0.60937
2006-12-01,1.08278,23860765,14523794,58.24,62.16,6.31,82.4,102.0,1.21919,1.11387,0.60937
2007-01-01,1.05335,23598028,14788565,57.2,61.47,6.95,82.7,99.1,1.20985,1.0994,0.60937
2007-02-01,1.0535,23757520,14631139,57.78,61.89,6.64,83.1,103.5,1.20228,1.08264,0.60937
2007-03-01,1.0657,23590939,14801097,57.75,61.45,6.02,83.5,106.1,1.23625,1.10533,0.60937
2007-04-01,1.08712,23760919,14633336,58.37,61.89,5.69,83.9,105.0,1.26715,1.12063,0.62234
2007-05-01,1.09346,23963533,14434397,58.56,62.41,6.17,84.3,102.8,1.3153,1.131,0.61946
2007-06-01,1.10358,23981476,14441612,58.95,62.41,5.55,84.6,101.2,1.34624,1.15031,0.61532
2007-07-01,1.11634,24238920,14206232,59.37,63.05,5.84,84.9,98.4,1.35423,1.16184,0.62098
2007-08-01,1.11685,23696539,14773573,58.28,61.6,5.38,85.1,99.1,1.31504,1.17359,0.62584
2007-09-01,1.13062,24168651,14325424,58.89,62.79,6.21,85.6,99.0,1.306,1.18067,0.62616
2007-10-01,1.14708,24094829,14424359,58.36,62.55,6.69,85.9,98.2,1.31333,1.20528,0.63125
2007-11-01,1.20936,24278106,14265560,58.75,62.99,6.73,86.7,98.6,1.34784,1.25241,0.65375
2007-12-01,1.21716,24218981,14349851,58.56,62.79,6.74,86.8,96.1,1.36084,1.28611,0.66913
2008-01-01,1.2149,24154206,14439566,57.93,62.59,7.44,87.2,94.9,1.36444,1.27774,0.67415
2008-02-01,1.21977,24270931,14347840,58.21,62.85,7.38,87.7,92.5,1.3616,1.27189,0.69083
2008-03-01,1.28281,24059811,14584422,58.16,62.26,6.59,88.3,91.4,1.38616,1.33228,0.69156
2008-04-01,1.2972,24600232,14069793,59.14,63.62,7.04,88.5,91.1,1.37479,1.3455,0.67931
2008-05-01,1.3988,24520773,14174352,59.07,63.37,6.79,89.7,92.9,1.45525,1.44316,0.68801
2008-06-01,1.45448,24343197,14369053,58.61,62.88,6.8,90.5,91.0,1.51213,1.50725,0.69201
2008-07-01,1.46839,24403790,14324402,59.2,63.01,6.05,91.4,88.8,1.52264,1.51814,0.69579
2008-08-01,1.38365,24055411,14690837,58.48,62.08,5.8,91.1,87.5,1.45825,1.43688,0.68994
2008-09-01,1.3467,24291041,14472209,58.43,62.67,6.76,91.0,88.9,1.43585,1.38387,0.68949
2008-10-01,1.27085,24519055,14262809,58.57,63.22,7.36,89.4,82.4,1.34635,1.30148,0.68647
2008-11-01,1.16499,24337691,14461267,58.12,62.73,7.34,87.7,79.4,1.21192,1.19482,0.66982
2008-12-01,1.06357,24077274,14740092,57.86,62.03,6.72,86.3,77.5,1.12088,1.0929,0.62164
2009-01-01,1.02281,23991237,14844502,56.8,61.78,8.05,85.7,77.1,1.11364,1.0514,0.59919
2009-02-01,1.01271,24211122,14643299,57.29,62.31,8.06,85.3,74.9,1.1408,1.05672,0.58888
2009-03-01,98562.0,24151887,14720687,57.06,62.13,8.16,84.7,69.7,1.16261,1.02279,0.58005
2009-04-01,1.01105,24103548,14787090,57.1,61.98,7.88,84.4,73.4,1.18529,1.04144,0.55352
2009-05-01,1.00469,24289323,14620393,57.99,62.42,7.1,84.5,78.4,1.22456,1.06158,0.53872
2009-06-01,1.04809,24050775,14866840,57.15,61.8,7.52,84.9,77.6,1.29484,1.09602,0.54831
2009-07-01,1.04391,24095240,14829655,57.39,61.9,7.29,84.5,79.8,1.27052,1.0862,0.54588
2009-08-01,1.07096,23719344,15212878,56.8,60.92,6.77,84.9,83.5,1.29563,1.11738,0.54658
2009-09-01,1.05236,23882754,15057636,56.17,61.33,8.42,84.7,84.8,1.27135,1.09609,0.54552
2009-10-01,1.05633,24250763,14698612,56.73,62.26,8.88,84.8,83.9,1.25637,1.09573,0.54511
2009-11-01,1.08935,24049017,14908474,56.37,61.73,8.68,85.0,84.1,1.28944,1.12604,0.57023
2009-12-01,1.08167,23924654,15041180,56.05,61.4,8.71,85.0,86.7,1.27366,1.11467,0.5977
2010-01-01,1.11989,24060746,14914007,55.97,61.73,9.34,86.0,89.6,1.30508,1.14525,0.61564
2010-02-01,1.11443,24060490,14922973,55.86,61.72,9.49,86.1,90.3,1.31288,1.14232,0.64118
2010-03-01,1.14912,24094569,14898421,56.16,61.79,9.12,86.4,89.5,1.35836,1.18958,0.65662
2010-04-01,1.18252,24331024,14670498,56.69,62.38,9.14,87.0,93.2,1.38646,1.21583,0.66098
2010-05-01,1.19702,24232995,14778169,56.76,62.12,8.62,87.6,91.6,1.39158,1.24121,0.65984
2010-06-01,1.20194,23966357,15054790,56.47,61.42,8.06,87.7,89.6,1.37742,1.2363,0.66108
2010-07-01,1.17951,23916052,15114490,56.52,61.28,7.77,87.8,90.6,1.37176,1.21531,0.65811
2010-08-01,1.17756,23381410,15660100,55.74,59.89,6.92,88.0,91.3,1.36267,1.21144,0.65427
2010-09-01,1.17629,23899098,15153055,56.06,61.2,8.4,88.1,90.9,1.35534,1.21718,0.65503
2010-10-01,1.18096,24259387,14803341,56.36,62.1,9.25,87.6,92.2,1.35182,1.22146,0.65961
2010-11-01,1.19255,24178454,14894723,56.32,61.88,8.99,87.9,92.6,1.36993,1.24284,0.67608
2010-12-01,1.24099,24067634,15016933,56.36,61.58,8.48,88.3,94.2,1.41152,1.28638,0.7275
2011-01-01,1.27114,23865173,15230583,55.7,61.04,8.76,89.4,94.2,1.45256,1.32814,0.76821
2011-02-01,1.29985,24018931,15088420,55.98,61.42,8.86,89.7,94.1,1.46963,1.35126,0.79085
2011-03-01,1.3662,24354615,14763408,56.74,62.26,8.87,90.5,91.2,1.52315,1.41673,0.79249
2011-04-01,1.3779,24072707,15057030,56.5,61.52,8.16,91.2,94.2,1.54219,1.44806,0.78985
2011-05-01,1.34216,24255541,14886121,56.91,61.97,8.16,91.3,93.1,1.54869,1.42326,0.77926
2011-06-01,1.33659,24000420,15133637,56.64,61.33,7.65,91.5,92.3,1.52936,1.40252,0.75528
2011-07-01,1.3514,24099300,15028089,56.98,61.59,7.49,92.1,89.9,1.57616,1.45028,0.73465
2011-08-01,1.35696,23626928,15492497,56.22,60.4,6.92,92.4,89.4,1.58602,1.46104,0.72773
2011-09-01,1.36937,23977014,15135310,55.85,61.3,8.89,92.5,84.7,1.58969,1.46579,0.73134
2011-10-01,1.37678,24373525,14730962,56.57,62.33,9.24,92.4,86.4,1.59227,1.48392,0.73011
2011-11-01,1.40884,24360567,14736842,55.98,62.31,10.15,92.6,85.0,1.59167,1.51289,0.72524
2011-12-01,1.40677,24363320,14726382,56.03,62.33,10.11,92.7,80.1,1.65516,1.63165,0.73509
2012-01-01,1.43562,24296238,14785975,55.59,62.17,10.59,93.6,78.8,1.7009,1.67171,0.75396
2012-02-01,1.45583,24509356,14565322,55.78,62.72,11.08,94.0,79.2,1.7378,1.69294,0.79217
2012-03-01,1.48903,24817764,14248575,56.04,63.53,11.78,94.4,80.7,1.79967,1.72427,0.86802
2012-04-01,1.48591,24691213,14367258,56.08,63.22,11.28,94.9,78.9,1.85022,1.73505,0.88882
2012-05-01,1.46151,24766159,14283892,56.67,63.42,10.65,94.8,76.8,1.80577,1.70301,0.84328
2012-06-01,1.41218,24696431,14348344,56.58,63.25,10.54,94.8,79.3,1.7607,1.65723,0.79458
2012-07-01,1.42587,24646581,14385958,56.75,63.14,10.13,95.1,77.8,1.75095,1.64702,0.74202
2012-08-01,1.47232,24040769,14986756,55.85,61.6,9.34,96.0,75.9,1.81826,1.71681,0.76857
2012-09-01,1.48979,24505333,14517832,55.96,62.8,10.89,95.7,75.1,1.87089,1.76422,0.81825
2012-10-01,1.47508,24977795,14041202,56.23,64.01,12.17,95.1,76.0,1.83391,1.74565,0.85143
2012-11-01,1.44665,24768295,14246050,55.76,63.49,12.18,94.8,76.8,1.75907,1.71285,0.8728
2012-12-01,1.43508,24501221,14509126,55.56,62.81,11.53,94.6,76.1,1.74645,1.70111,0.88012
2013-01-01,1.43948,24545012,14461505,54.54,62.93,13.32,94.2,77.7,1.74994,1.69438,0.87203
2013-02-01,1.4568,24651944,14350054,54.82,63.21,13.27,94.3,76.5,1.781,1.69967,0.85676
2013-03-01,1.43179,24585629,14412556,54.94,63.04,12.86,94.3,78.1,1.79691,1.69394,0.84149
2013-04-01,1.4043,24489735,14505159,54.78,62.8,12.78,93.9,74.2,1.7538,1.65111,0.81166
2013-05-01,1.37599,24531196,14459758,55.04,62.92,12.51,93.9,75.9,1.71616,1.61231,0.77374
2013-06-01,1.36505,24439571,14539881,55.29,62.7,11.81,94.1,77.1,1.73376,1.62646,0.75335
2013-07-01,1.4008,24267156,14687761,55.27,62.3,11.27,93.9,79.0,1.75353,1.64402,0.76803
2013-08-01,1.40438,24098255,14845028,54.98,61.88,11.14,93.9,83.3,1.76785,1.65804,0.78769
2013-09-01,1.42514,24338206,14594820,54.72,62.51,12.47,93.9,83.8,1.77323,1.67667,0.79757
2013-10-01,1.40971,24764774,14157293,55.28,63.63,13.12,93.2,83.8,1.72878,1.65969,0.78834
2013-11-01,1.40342,24731105,14181004,55.05,63.56,13.38,93.1,86.8,1.70356,1.63663,0.78211
2013-12-01,1.42174,24445515,14454642,55.03,62.84,12.43,93.0,86.3,1.72763,1.65656,0.8448
2014-01-01,1.40243,24513861,14375914,54.12,63.03,14.15,93.0,87.9,1.72307,1.64899,0.8749
2014-02-01,1.41421,24670915,14208620,54.49,63.45,14.13,93.0,87.3,1.71405,1.63783,0.82339
2014-03-01,1.40184,24874831,13994210,55.42,64.0,13.4,92.8,89.2,1.7153,1.63147,0.78564
2014-04-01,1.3872,24454572,14404401,54.69,62.93,13.1,92.6,88.3,1.7256,1.62855,0.7686
2014-05-01,1.39451,24750999,14096788,55.44,63.71,12.98,92.5,87.6,1.73753,1.63068,0.76125
2014-06-01,1.39805,24523657,14307431,55.9,63.15,11.48,92.7,89.3,1.74396,1.63208,0.76481
2014-07-01,1.39748,24613027,14189142,55.75,63.43,12.11,92.4,91.7,1.76119,1.63564,0.77029
2014-08-01,1.39683,24096540,14690101,55.19,62.13,11.17,92.4,88.5,1.74973,1.62161,0.76831
2014-09-01,1.39229,24757470,14014256,55.64,63.85,12.87,92.4,86.1,1.73456,1.61478,0.75938
2014-10-01,1.35414,25163311,13591724,55.98,64.93,13.78,92.1,85.8,1.70922,1.59324,0.75062
2014-11-01,1.33401,25098524,13642091,55.3,64.79,14.64,91.9,85.5,1.65241,1.55345,0.72506
2014-12-01,1.26602,24488352,14236885,55.45,63.24,12.31,91.3,87.8,1.58565,1.49347,0.68583
2015-01-01,1.17793,24541530,14168470,55.07,63.4,13.13,90.1,89.7,1.47204,1.38726,0.63024
2015-02-01,1.19365,24609355,14085883,55.12,63.6,13.33,90.6,91.7,1.48944,1.40039,0.61999
2015-03-01,1.22983,24735184,13944617,55.35,63.95,13.45,90.6,95.1,1.5659,1.46226,0.64166
2015-04-01,1.22581,24689783,13975798,55.92,63.85,12.42,90.6,94.5,1.58063,1.44772,0.65418
2015-05-01,1.27473,24743106,13907703,55.96,64.02,12.59,90.8,94.2,1.61405,1.4802,0.64171
2015-06-01,1.26048,24743810,13893307,56.2,64.04,12.24,90.7,95.6,1.62284,1.47754,0.62095
2015-07-01,1.2356,24441759,14168443,56.45,63.3,10.83,90.3,97.4,1.62546,1.45155,0.6024
2015-08-01,1.17584,24234845,14360108,56.48,62.79,10.05,89.7,96.5,1.56782,1.39876,0.59818
2015-09-01,1.16188,24615581,13965847,56.47,63.8,11.5,89.5,98.1,1.49474,1.36003,0.58495
2015-10-01,1.1423,24920671,13646322,56.68,64.62,12.28,89.3,97.7,1.47321,1.3484,0.58206
2015-11-01,1.13312,24808771,13743945,56.42,64.35,12.33,89.0,97.4,1.45735,1.34052,0.58419
2015-12-01,1.0789,24494519,14043770,56.01,63.56,11.88,88.4,97.6,1.45068,1.30885,0.59872
2016-01-01,1.02867,24676359,13848087,56.21,64.05,12.24,87.8,95.2,1.41605,1.23282,0.59293
2016-02-01,1.01956,24510215,13999635,55.67,63.65,12.53,87.4,95.5,1.37818,1.19242,0.55662
2016-03-01,1.05078,24741433,13755967,56.36,64.27,12.3,87.5,94.7,1.38815,1.2251,0.54188
2016-04-01,1.05446,25007098,13476018,57.16,64.98,12.04,87.0,97.9,1.42094,1.23768,0.54685
2016-05-01,1.10028,25026808,13442326,57.46,65.06,11.68,87.6,98.0,1.45265,1.27622,0.55117
2016-06-01,1.13088,25152748,13304221,57.81,65.4,11.62,88.0,95.7,1.47916,1.31902,0.55972
2016-07-01,1.10492,24836384,13596371,57.56,64.62,10.93,89.0,95.6,1.45654,1.30653,0.5629
2016-08-01,1.09296,24469112,13952785,57.13,63.69,10.3,88.9,93.6,1.43305,1.28819,0.56112
2016-09-01,1.11246,25086464,13324680,57.49,65.31,11.97,88.9,94.2,1.45371,1.30044,0.56158
2016-10-01,1.14859,25072371,13327162,57.34,65.29,12.19,88.8,95.7,1.47391,1.32099,0.56573
2016-11-01,1.12709,25255523,13133421,57.33,65.79,12.86,88.7,95.7,1.47543,1.32716,0.5801
2016-12-01,1.17734,24949083,13429364,57.07,65.01,12.21,89.2,95.0,1.49598,1.35185,0.58502
2017-01-01,1.20425,25029191,13338518,57.0,65.24,12.62,90.0,97.5,1.54411,1.39815,0.60208
2017-02-01,1.20979,24932089,13424519,57.09,65.0,12.17,90.3,98.8,1.54983,1.39985,0.63178
2017-03-01,1.18281,24996112,13349512,57.14,65.19,12.35,90.2,99.1,1.54037,1.39397,0.63935
2017-04-01,1.17217,25047509,13287908,57.92,65.34,11.36,90.3,100.7,1.55138,1.40333,0.62705
2017-05-01,1.15196,24969804,13355501,57.75,65.15,11.36,90.0,99.3,1.5285,1.37964,0.618
2017-06-01,1.1122,25064010,13251074,58.3,65.42,10.88,89.8,99.2,1.50194,1.352,0.61683
2017-07-01,1.12385,25092005,13197431,58.37,65.53,10.92,89.8,98.6,1.49063,1.33828,0.6134
2017-08-01,1.12734,24849670,13429435,58.17,64.92,10.39,90.2,99.5,1.49993,1.35431,0.62019
2017-09-01,1.15752,25083866,13184966,58.25,65.55,11.14,90.3,100.5,1.52228,1.37319,0.64016
2017-10-01,1.16509,25157904,13100875,58.18,65.76,11.52,90.6,101.2,1.52506,1.38745,0.65785
2017-11-01,1.20003,25333975,12914466,58.51,66.24,11.66,90.9,101.3,1.5437,1.41308,0.66593
2017-12-01,1.21221,24694291,13544310,57.47,64.58,11.01,91.0,101.0,1.55004,1.42113,0.67515
2018-01-01,1.23609,24879938,13348825,57.24,65.08,12.05,91.5,99.7,1.5686,1.44327,0.67695
2018-02-01,1.202,24816509,13402084,57.46,64.93,11.51,91.7,101.1,1.55825,1.43105,0.66047
2018-03-01,1.20937,25117770,13091237,58.05,65.74,11.7,91.9,100.2,1.54796,1.42358,0.65172
2018-04-01,1.24772,25316248,12883307,58.64,66.27,11.52,91.6,99.2,1.56969,1.44649,0.64553
2018-05-01,1.2902,25263944,12925930,59.17,66.15,10.55,92.2,98.6,1.62103,1.49935,0.65332
2018-06-01,1.29042,25313935,12865436,59.26,66.3,10.61,92.5,99.2,1.64166,1.52133,0.67004
2018-07-01,1.28408,24918259,13231771,58.91,65.32,9.81,93.8,98.2,1.63046,1.50874,0.67524
2018-08-01,1.29027,24636387,13502996,59.0,64.6,8.66,94.1,97.6,1.62952,1.50716,0.67827
2018-09-01,1.30849,24900930,13228693,58.7,65.31,10.12,94.5,97.9,1.6422,1.52496,0.69126
2018-10-01,1.33601,25279697,12839540,58.78,66.32,11.37,95.7,96.7,1.65886,1.56165,0.70981
2018-11-01,1.29089,25102511,13007351,58.52,65.87,11.16,95.1,95.6,1.6129,1.53765,0.70285
2018-12-01,1.25538,24792224,13307996,58.32,65.07,10.38,94.7,94.3,1.5096,1.45115,0.66603
2019-01-01,1.27684,24930845,13159059,57.95,65.45,11.47,94.6,94.0,1.49013,1.43473,0.65704
2019-02-01,1.29562,24934920,13145622,57.91,65.48,11.55,94.6,93.6,1.52115,1.46566,0.65771
2019-03-01,1.30891,25054399,13016046,58.79,65.81,10.67,94.5,95.1,1.55809,1.49522,0.656
2019-04-01,1.32698,25120947,12940153,59.05,66.0,10.54,93.5,94.5,1.60987,1.50964,0.65362
2019-05-01,1.33,25063283,12988514,59.39,65.87,9.83,93.6,95.0,1.62634,1.5191,0.65094
2019-06-01,1.28316,25098477,12932329,59.84,66.0,9.33,93.3,94.3,1.59691,1.48783,0.63815
2019-07-01,1.30189,24964751,13029961,59.4,65.71,9.6,93.1,94.7,1.59454,1.48229,0.62016
2019-08-01,1.29276,24645791,13326196,59.47,64.91,8.38,92.7,93.8,1.57447,1.46204,0.60821
2019-09-01,1.31452,24955806,12998518,59.19,65.75,9.98,92.9,93.7,1.57909,1.47141,0.60226
2019-10-01,1.3092,24984653,12953350,59.21,65.86,10.1,92.9,94.3,1.57679,1.47185,0.60999
2019-11-01,1.31685,25121493,12801647,59.55,66.24,10.1,92.7,93.9,1.57567,1.47131,0.61038
2019-12-01,1.32862,24796870,13111367,58.89,65.41,9.98,92.7,95.1,1.58491,1.48248,0.62396
2020-01-01,1.31734,24844917,13045355,58.58,65.57,10.67,92.5,94.1,1.58642,1.48518,0.64147
2020-02-01,1.27989,24777225,13101776,58.72,65.41,10.23,92.1,94.2,1.54873,1.44314,0.63308
2020-03-01,1.17618,23645271,14223474,57.58,62.44,7.78,91.1,79.3,1.48659,1.37822,0.61701
2020-04-01,1.09182,22939428,14915868,56.62,60.6,6.56,88.7,94.3,1.40857,1.30241,0.60134
2020-05-01,1.07581,23343575,14494149,56.65,61.69,8.18,88.6,54.3,1.36522,1.25559,0.59419
2020-06-01,1.10585,23697528,14116936,56.66,62.67,9.59,89.1,63.6,1.3845,1.27246,0.59364
2020-07-01,1.12527,24109035,13698134,56.82,63.77,10.89,89.9,72.0,1.4031,1.28958,0.59423
2020-08-01,1.11633,24175826,13598367,57.72,64.0,9.82,90.0,77.7,1.39908,1.28502,0.59461
2020-09-01,1.08939,24348212,13396612,57.7,64.51,10.56,90.1,86.6,1.39159,1.27081,0.5928
2020-10-01,1.08415,24430006,13286739,57.86,64.77,10.67,90.7,88.2,1.38757,1.25933,0.59187
2020-11-01,1.09454,24017595,13675364,57.86,63.72,9.2,90.5,79.4,1.39059,1.26141,0.59676
2020-12-01,1.13686,23726774,13942384,56.84,62.99,9.77,91.0,82.8,1.42391,1.30032,0.61511
2021-01-01,1.16218,23557516,14090249,55.61,62.57,11.13,92.2,87.0,1.46548,1.3383,0.63283
2021-02-01,1.2098,23654402,13975694,55.99,62.86,10.93,92.7,89.9,1.51112,1.38324,0.64412
2021-03-01,1.24134,23765593,13846423,56.5,63.19,10.59,93.5,91.5,1.56813,1.43578,0.65947
2021-04-01,1.23871,24001781,13588005,57.27,63.85,10.31,94.7,93.2,1.57555,1.43673,0.66355
2021-05-01,1.24756,24147802,13420585,57.96,64.28,9.83,95.8,99.1,1.59033,1.44934,0.66328
2021-06-01,1.27477,24474186,13078964,59.11,65.17,9.3,97.2,103.0,1.61363,1.4734,0.66561
2021-07-01,1.295,24495890,13055244,59.34,65.23,9.04,100.0,105.8,1.65096,1.50834,0.68071
2021-08-01,1.28773,24169505,13360389,58.72,64.4,8.82,100.4,105.8,1.65417,1.50536,0.69533
2021-09-01,1.31391,24508875,13003817,59.37,65.33,9.12,102.0,105.7,1.66958,1.51729,0.70996
2021-10-01,1.39403,24577914,12810521,59.3,65.74,9.78,109.2,106.6,1.7308,1.58965,0.8048
2021-11-01,1.39867,24619466,12756981,60.0,65.87,8.92,110.6,106.1,1.74652,1.61048,0.83389
2021-12-01,1.38636,24325150,13040291,59.24,65.1,9.0,111.8,106.2,1.72425,1.5893,0.82136
2022-01-01,1.44919,24015114,13337918,58.37,64.29,9.21,122.6,100.0,1.76474,1.6321,0.81761
2022-02-01,1.52989,24206301,13137676,59.1,64.82,8.83,123.0,101.8,1.84812,1.72036,0.81837
2022-03-01,1.79061,24405331,12925993,59.69,65.37,8.7,128.0,98.7,2.00759,1.97059,0.85733
2022-04-01,1.78414,24403832,12915432,59.9,65.39,8.4,128.2,97.7,1.769,1.76874,0.83915
2022-05-01,1.81713,24377471,12895102,60.19,65.4,7.98,128.9,99.9,1.85127,1.82365,0.83389
2022-06-01,1.97062,24754594,12502680,61.13,66.44,7.99,130.3,101.6,2.03416,1.97246,0.82969
2022-07-01,1.92433,24460081,12782155,60.68,65.68,7.61,136.8,98.8,1.96831,1.92735,0.82457
2022-08-01,1.805,24122872,13104459,59.73,64.8,7.82,140.7,98.6,1.77487,1.78585,0.80311
2022-09-01,1.80375,24444972,12768576,60.41,65.69,8.04,144.6,94.6,1.68797,1.79312,0.80033
2022-10-01,1.88121,24709001,12515332,60.91,66.38,8.25,139.4,94.5,1.67864,1.84697,0.78864
2022-11-01,1.76322,24511824,12704426,60.67,65.86,7.89,143.1,96.0,1.68875,1.81059,0.77409
2022-12-01,1.64308,24528910,12676312,60.62,65.93,8.05,147.2,97.4,1.66293,1.72725,0.77864
2023-01-01,1.65267,24610962,12582802,60.49,66.17,8.59,136.1,98.0,1.83359,1.88054,0.80064
2023-02-01,1.57828,24617963,12569509,60.62,66.2,8.44,134.8,98.2,1.86075,1.84584,0.80104
2023-03-01,1.54277,24652361,12527242,60.75,66.31,8.38,132.8,98.6,1.85541,1.7995,0.79797
2023-04-01,1.49287,24708155,12458245,61.05,66.48,8.17,126.3,99.8,1.87305,1.74882,0.78069
2023-05-01,1.42658,24660494,12492461,61.31,66.38,7.63,123.5,97.3,1.81849,1.66164,0.76078
2023-06-01,1.44335,24923422,12217894,62.31,67.1,7.15,123.1,96.7,1.83984,1.67745,0.73398
2023-07-01,1.48624,24740655,12388826,61.53,66.63,7.66,122.9,97.1,1.86733,1.71179,0.71195
2023-08-01,1.60635,24462437,12656438,61.25,65.9,7.07,123.5,96.1,1.94271,1.83367,0.71048
2023-09-01,1.68979,24908409,12199479,61.99,67.12,7.65,124.3,94.9,1.98648,1.91108,0.71388
2023-10-01,1.65181,25221754,11877229,62.38,67.99,8.25,126.2,94.8,1.91122,1.89043,0.72349
2023-11-01,1.57209,24875096,12236791,61.86,67.03,7.7,124.8,93.9,1.8217,1.80586,0.7258
2023-12-01,1.52236,24856382,12269714,62.17,66.95,7.14,123.6,97.0,1.77326,1.73908,0.72271
2024-01-01,1.53487,24729934,12415275,61.4,66.58,7.78,121.5,97.6,1.78729,1.74353,0.72077
2024-02-01,1.57505,24862465,12303679,61.39,66.9,8.23,120.3,95.6,1.85016,1.81435,0.72316
2024-03-01,1.55217,24919353,12265904,61.96,67.01,7.53,120.0,97.0,1.86566,1.79772,0.72223
2024-04-01,1.54363,24885301,12323057,62.2,66.88,6.99,118.9,96.2,1.9124,1.79788,0.7217
2024-05-01,1.48444,24755048,12472423,62.09,66.5,6.63,119.2,95.4,1.88628,1.7385,0.71916
2024-06-01,1.48358,25049855,12198551,62.62,67.25,6.88,120.0,94.6,1.85111,1.71068,0.71406
2024-07-01,1.48253,24853861,12413231,62.64,66.69,6.08,121.6,94.3,1.86131,1.74137,0.72158
2024-08-01,1.43248,24641451,12623075,62.53,66.13,5.44,122.5,94.7,1.81795,1.6933,0.72335
2024-09-01,1.38009,24721320,12540439,62.54,66.35,5.73,121.8,95.7,1.75548,1.63274,0.72201
2024-10-01,1.40597,24700661,12560776,62.41,66.29,5.85,122.7,93.4,1.75512,1.63377,0.72774
2024-11-01,1.42506,24608397,12655496,62.12,66.04,5.93,124.2,92.9,1.75768,1.64318,0.73452
2024-12-01,1.43448,24915854,12348238,62.32,66.86,6.79,124.9,95.0,1.75614,1.65461,0.73946
2025-01-01,1.48359,25002616,12239041,62.29,67.14,7.22,126.9,95.3,1.81007,1.71364,0.73986
2025-02-01,1.47643,24948839,12279875,62.54,67.02,6.68,127.8,94.5,1.82185,1.72517,0.74402
2025-03-01,1.42016,25039749,12186197,62.65,67.26,6.85,124.7,93.2,1.78012,1.68032,0.74362
2025-04-01,1.35415,24840618,12373808,62.57,66.75,6.26,122.0,91.8,1.72593,1.61993,0.73962
2025-05-01,1.331,25154104,12057743,62.81,67.6,7.08,121.2,93.4,1.69513,1.58986,0.72287
2025-06-01,1.38207,25022022,12184230,62.69,67.25,6.78,122.9,94.1,1.71667,1.62477,0.71051
2025-07-01,1.41398,24708347,12453710,62.54,66.49,5.93,123.5,93.8,1.72543,1.66083,0.7039
2025-08-01,1.37904,24518457,12639852,62.47,65.98,5.32,122.8,93.6,1.70186,1.63123,0.70211
2025-09-01,1.3868,24732640,12416623,62.55,66.58,6.04,123.1,93.8,1.71024,1.63531,0.69714
2025-10-01,1.38145,24712759,12433050,62.78,66.53,5.64,122.8,94.4,1.69451,1.62232,0.69545
2025-11-01,1.4157,24426135,12718409,62.13,65.76,5.52,124.0,96.0,1.71901,1.68175,0.69413
2025-12-01,1.35576,24531682,12609532,62.2,66.05,5.83,123.1,96.4,1.69686,1.6526,0.69482
2026-01-01,1.36161,24600433,12534243,62.8,66.25,5.21,124.9,97.5,1.63506,1.66547,0.693
