,date,workforce,inactives,employment_rate,youth_employment_rate,activity_rate,unemployment_rate,industry_production_prices,companies_trust,gasoline_car_price,diesel_price,GPL_price,diesel_heatining_price,workforce_diff,inactives_diff,employment_rate_diff,youth_employment_rate_diff,activity_rate_diff,unemployment_rate_diff,industry_production_prices_diff,gasoline_car_price_diff,diesel_price_diff,diesel_heatining_price_diff,covid_period,ukraine_war
0,2013-01-01,24545012000,14461505000,39.96,54.54,62.93,13.32,94.2,77.7,1.74994,1.69438,0.87203,1.43948,,,,,,,,,,,0,0
1,2013-02-01,24651944000,14350054000,41.1,54.82,63.21,13.27,94.3,76.5,1.781,1.69967,0.85676,1.4568,106932000.0,-111451000.0,1.1400000000000006,0.28000000000000114,0.28000000000000114,-0.05000000000000071,0.09999999999999432,0.031059999999999865,0.005290000000000017,0.017320000000000002,0,0
2,2013-03-01,24585629000,14412556000,40.2,54.94,63.04,12.86,94.3,78.1,1.79691,1.69394,0.84149,1.43179,-66315000.0,62502000.0,-0.8999999999999986,0.11999999999999744,-0.1700000000000017,-0.41000000000000014,0.0,0.01591000000000009,-0.005730000000000013,-0.0250100000000002,0,0
3,2013-04-01,24489735000,14505159000,39.02,54.78,62.8,12.78,93.9,74.2,1.7538,1.65111,0.81166,1.4043,-95894000.0,92603000.0,-1.1799999999999997,-0.1599999999999966,-0.240000000000002,-0.08000000000000007,-0.3999999999999915,-0.04310999999999998,-0.042829999999999924,-0.027489999999999792,0,0
4,2013-05-01,24531196000,14459758000,40.39,55.04,62.92,12.51,93.9,75.9,1.71616,1.61231,0.77374,1.37599,41461000.0,-45401000.0,1.3699999999999974,0.259999999999998,0.12000000000000455,-0.2699999999999996,0.0,-0.03764000000000012,-0.03880000000000017,-0.028310000000000057,0,0
5,2013-06-01,24439571000,14539881000,40.18,55.29,62.7,11.81,94.1,77.1,1.73376,1.62646,0.75335,1.36505,-91625000.0,80123000.0,-0.21000000000000085,0.25,-0.21999999999999886,-0.6999999999999993,0.19999999999998863,0.01760000000000006,0.014150000000000107,-0.01093999999999995,0,0
6,2013-07-01,24267156000,14687761000,39.99,55.27,62.3,11.27,93.9,79.1,1.75353,1.64402,0.76803,1.4008,-172415000.0,147880000.0,-0.18999999999999773,-0.01999999999999602,-0.4000000000000057,-0.5400000000000009,-0.19999999999998863,0.019770000000000065,0.01756000000000002,0.03574999999999995,0,0
7,2013-08-01,24098255000,14845028000,39.63,54.98,61.88,11.14,93.9,83.3,1.76785,1.65804,0.78769,1.40438,-168901000.0,157267000.0,-0.35999999999999943,-0.29000000000000625,-0.4199999999999946,-0.129999999999999,0.0,0.014319999999999888,0.014019999999999921,0.0035799999999999166,0,0
8,2013-09-01,24338206000,14594820000,38.54,54.72,62.51,12.47,93.9,83.7,1.77323,1.67667,0.79757,1.42514,239951000.0,-250208000.0,-1.0900000000000034,-0.259999999999998,0.6299999999999955,1.33,0.0,0.005380000000000162,0.018630000000000146,0.02076000000000011,0,0
9,2013-10-01,24764774000,14157293000,38.91,55.28,63.63,13.12,93.2,83.8,1.72878,1.65969,0.78834,1.40971,426568000.0,-437527000.0,0.36999999999999744,0.5600000000000023,1.1200000000000045,0.6499999999999986,-0.7000000000000028,-0.0444500000000001,-0.016979999999999995,-0.015430000000000055,0,0
10,2013-11-01,24731105000,14181004000,38.83,55.05,63.56,13.38,93.1,86.8,1.70356,1.63663,0.78211,1.40342,-33669000.0,23711000.0,-0.0799999999999983,-0.23000000000000398,-0.07000000000000028,0.26000000000000156,-0.10000000000000853,-0.02522000000000002,-0.02306000000000008,-0.006290000000000129,0,0
11,2013-12-01,24445515000,14454642000,38.91,55.03,62.84,12.43,93.0,86.3,1.72763,1.65656,0.8448,1.42174,-285590000.0,273638000.0,0.0799999999999983,-0.01999999999999602,-0.7199999999999989,-0.9500000000000011,-0.09999999999999432,0.024070000000000036,0.019930000000000003,0.018320000000000114,0,0
12,2014-01-01,24513861000,14375914000,37.52,54.12,63.03,14.15,93.0,87.9,1.72307,1.64899,0.8749,1.40243,68346000.0,-78728000.0,-1.3899999999999935,-0.9100000000000037,0.18999999999999773,1.7200000000000006,0.0,-0.0045599999999998975,-0.007570000000000077,-0.01930999999999994,0,0
13,2014-02-01,24670915000,14208620000,38.64,54.49,63.45,14.13,93.0,87.3,1.71405,1.63783,0.82339,1.41421,157054000.0,-167294000.0,1.1199999999999974,0.37000000000000455,0.4200000000000017,-0.019999999999999574,0.0,-0.009020000000000028,-0.011160000000000059,0.011779999999999902,0,0
14,2014-03-01,24874831000,13994210000,38.81,55.42,64.0,13.4,92.8,89.2,1.7153,1.63147,0.78564,1.40184,203916000.0,-214410000.0,0.1700000000000017,0.9299999999999997,0.5499999999999972,-0.7300000000000004,-0.20000000000000284,0.0012499999999999734,-0.006359999999999921,-0.012369999999999992,0,0
15,2014-04-01,24454572000,14404401000,37.57,54.69,62.93,13.1,92.6,88.3,1.7256,1.62855,0.7686,1.3872,-420259000.0,410191000.0,-1.240000000000002,-0.730000000000004,-1.0700000000000003,-0.3000000000000007,-0.20000000000000284,0.010299999999999976,-0.0029200000000000337,-0.014639999999999986,0,0
16,2014-05-01,24750999000,14096788000,39.78,55.44,63.71,12.98,92.5,87.6,1.73753,1.63068,0.76125,1.39451,296427000.0,-307613000.0,2.210000000000001,0.75,0.7800000000000011,-0.11999999999999922,-0.09999999999999432,0.011929999999999996,0.0021299999999999653,0.007309999999999928,0,0
17,2014-06-01,24523657000,14307431000,39.38,55.9,63.15,11.48,92.7,89.3,1.74396,1.63208,0.76481,1.39805,-227342000.0,210643000.0,-0.3999999999999986,0.46000000000000085,-0.5600000000000023,-1.5,0.20000000000000284,0.006429999999999936,0.0014000000000000679,0.0035400000000000986,0,0
18,2014-07-01,24613027000,14189142000,39.78,55.75,63.43,12.11,92.4,91.7,1.76119,1.63564,0.77029,1.39748,89370000.0,-118289000.0,0.3999999999999986,-0.14999999999999858,0.28000000000000114,0.629999999999999,-0.29999999999999716,0.01723000000000008,0.0035600000000000076,-0.0005699999999999594,0,0
19,2014-08-01,24096540000,14690101000,39.36,55.19,62.13,11.17,92.4,88.4,1.74973,1.62161,0.76831,1.39683,-516487000.0,500959000.0,-0.4200000000000017,-0.5600000000000023,-1.2999999999999972,-0.9399999999999995,0.0,-0.011460000000000026,-0.014029999999999987,-0.0006500000000000394,0,0
20,2014-09-01,24757470000,14014256000,38.78,55.64,63.85,12.87,92.4,86.1,1.73456,1.61478,0.75938,1.39229,660930000.0,-675845000.0,-0.5799999999999983,0.45000000000000284,1.7199999999999989,1.6999999999999993,0.0,-0.015169999999999906,-0.006829999999999892,-0.0045399999999999885,0,0
21,2014-10-01,25163311000,13591724000,39.37,55.98,64.93,13.78,92.1,85.8,1.70922,1.59324,0.75062,1.35414,405841000.0,-422532000.0,0.5899999999999963,0.3399999999999963,1.0800000000000054,0.9100000000000001,-0.30000000000001137,-0.02534000000000014,-0.021540000000000115,-0.03815000000000013,0,0
22,2014-11-01,25098524000,13642091000,38.83,55.3,64.79,14.64,91.9,85.5,1.65241,1.55345,0.72506,1.33401,-64787000.0,50367000.0,-0.5399999999999991,-0.6799999999999997,-0.14000000000000057,0.8600000000000012,-0.19999999999998863,-0.05681000000000003,-0.03978999999999999,-0.02012999999999998,0,0
23,2014-12-01,24488352000,14236885000,39.61,55.45,63.24,12.31,91.3,87.8,1.58565,1.49347,0.68583,1.26602,-610172000.0,594794000.0,0.7800000000000011,0.15000000000000568,-1.5500000000000043,-2.33,-0.6000000000000085,-0.06675999999999993,-0.05997999999999992,-0.06799,0,0
24,2015-01-01,24541530000,14168470000,38.3,55.07,63.4,13.13,90.1,89.7,1.47204,1.38726,0.63024,1.17793,53178000.0,-68415000.0,-1.3100000000000023,-0.38000000000000256,0.1599999999999966,0.8200000000000003,-1.2000000000000028,-0.11360999999999999,-0.10621000000000014,-0.08809,0,0
25,2015-02-01,24609355000,14085883000,37.61,55.12,63.6,13.33,90.6,91.7,1.48944,1.40039,0.61999,1.19365,67825000.0,-82587000.0,-0.6899999999999977,0.04999999999999716,0.20000000000000284,0.1999999999999993,0.5,0.017400000000000082,0.013130000000000086,0.01572000000000018,0,0
26,2015-03-01,24735184000,13944617000,38.22,55.35,63.95,13.45,90.6,95.1,1.5659,1.46226,0.64166,1.22983,125829000.0,-141266000.0,0.6099999999999994,0.23000000000000398,0.3500000000000014,0.11999999999999922,0.0,0.07645999999999997,0.06186999999999987,0.03617999999999988,0,0
27,2015-04-01,24689783000,13975798000,38.59,55.92,63.85,12.42,90.6,94.4,1.58063,1.44772,0.65418,1.22581,-45401000.0,31181000.0,0.37000000000000455,0.5700000000000003,-0.10000000000000142,-1.0299999999999994,0.0,0.01472999999999991,-0.014539999999999997,-0.0040199999999999125,0,0
28,2015-05-01,24743106000,13907703000,38.44,55.96,64.02,12.59,90.8,94.2,1.61405,1.4802,0.64171,1.27473,53323000.0,-68095000.0,-0.15000000000000568,0.03999999999999915,0.1699999999999946,0.16999999999999993,0.20000000000000284,0.033420000000000005,0.032480000000000064,0.04891999999999985,0,0
29,2015-06-01,24743810000,13893307000,38.25,56.2,64.04,12.24,90.7,95.6,1.62284,1.47754,0.62095,1.26048,704000.0,-14396000.0,-0.18999999999999773,0.240000000000002,0.020000000000010232,-0.34999999999999964,-0.09999999999999432,0.008790000000000076,-0.0026599999999998847,-0.014249999999999874,0,0
30,2015-07-01,24441759000,14168443000,40.44,56.45,63.3,10.83,90.3,97.5,1.62546,1.45155,0.6024,1.2356,-302051000.0,275136000.0,2.1899999999999977,0.25,-0.7400000000000091,-1.4100000000000001,-0.4000000000000057,0.0026199999999998447,-0.02599000000000018,-0.024880000000000013,0,0
31,2015-08-01,24234845000,14360108000,39.73,56.48,62.79,10.05,89.7,96.5,1.56782,1.39876,0.59818,1.17584,-206914000.0,191665000.0,-0.7100000000000009,0.02999999999999403,-0.509999999999998,-0.7799999999999994,-0.5999999999999943,-0.057639999999999914,-0.05278999999999989,-0.059760000000000035,0,0
32,2015-09-01,24615581000,13965847000,39.82,56.47,63.8,11.5,89.5,98.2,1.49474,1.36003,0.58495,1.16188,380736000.0,-394261000.0,0.09000000000000341,-0.00999999999999801,1.009999999999998,1.4499999999999993,-0.20000000000000284,-0.07308000000000003,-0.03872999999999993,-0.013959999999999972,0,0
33,2015-10-01,24920671000,13646322000,40.27,56.68,64.62,12.28,89.3,97.7,1.47321,1.3484,0.58206,1.1423,305090000.0,-319525000.0,0.45000000000000284,0.21000000000000085,0.8200000000000074,0.7799999999999994,-0.20000000000000284,-0.02153000000000005,-0.01163000000000003,-0.01957999999999993,0,0
34,2015-11-01,24808771000,13743945000,39.05,56.42,64.35,12.33,89.0,97.4,1.45735,1.34052,0.58419,1.13312,-111900000.0,97623000.0,-1.220000000000006,-0.259999999999998,-0.27000000000001023,0.05000000000000071,-0.29999999999999716,-0.015859999999999985,-0.00788000000000011,-0.009180000000000188,0,0
35,2015-12-01,24494519000,14043770000,39.92,56.01,63.56,11.88,88.4,97.6,1.45068,1.30885,0.59872,1.0789,-314252000.0,299825000.0,0.8700000000000045,-0.4100000000000037,-0.789999999999992,-0.4499999999999993,-0.5999999999999943,-0.006669999999999954,-0.031669999999999865,-0.054219999999999935,0,0
36,2016-01-01,24676359000,13848087000,38.86,56.21,64.05,12.24,87.8,95.2,1.41605,1.23282,0.59293,1.02867,181840000.0,-195683000.0,-1.0600000000000023,0.20000000000000284,0.4899999999999949,0.35999999999999943,-0.6000000000000085,-0.03462999999999994,-0.07603000000000004,-0.05023,0,0
37,2016-02-01,24510215000,13999635000,38.47,55.67,63.65,12.53,87.4,95.5,1.37818,1.19242,0.55662,1.01956,-166144000.0,151548000.0,-0.39000000000000057,-0.5399999999999991,-0.3999999999999986,0.28999999999999915,-0.3999999999999915,-0.03787000000000007,-0.04039999999999999,-0.009109999999999951,0,0
38,2016-03-01,24741433000,13755967000,38.77,56.36,64.27,12.3,87.5,94.6,1.38815,1.2251,0.54188,1.05078,231218000.0,-243668000.0,0.30000000000000426,0.6899999999999977,0.6199999999999974,-0.22999999999999865,0.09999999999999432,0.009970000000000034,0.03268000000000004,0.031220000000000026,0,0
39,2016-04-01,25007098000,13476018000,39.75,57.16,64.98,12.04,87.0,97.9,1.42094,1.23768,0.54685,1.05446,265665000.0,-279949000.0,0.9799999999999969,0.7999999999999972,0.710000000000008,-0.26000000000000156,-0.5,0.0327900000000001,0.012579999999999814,0.0036799999999999056,0,0
40,2016-05-01,25026808000,13442326000,40.66,57.46,65.06,11.68,87.6,98.0,1.45265,1.27622,0.55117,1.10028,19710000.0,-33692000.0,0.9099999999999966,0.30000000000000426,0.0799999999999983,-0.35999999999999943,0.5999999999999943,0.031709999999999905,0.03854000000000002,0.04581999999999997,0,0
41,2016-06-01,25152748000,13304221000,40.83,57.81,65.4,11.62,88.0,95.7,1.47916,1.31902,0.55972,1.13088,125940000.0,-138105000.0,0.1700000000000017,0.3500000000000014,0.3400000000000034,-0.0600000000000005,0.4000000000000057,0.026510000000000034,0.04280000000000017,0.030600000000000183,0,0
42,2016-07-01,24836384000,13596371000,40.71,57.56,64.62,10.93,89.0,95.6,1.45654,1.30653,0.5629,1.10492,-316364000.0,292150000.0,-0.11999999999999744,-0.25,-0.7800000000000011,-0.6899999999999995,1.0,-0.022620000000000084,-0.012490000000000112,-0.025960000000000205,0,0
43,2016-08-01,24469112000,13952785000,39.82,57.13,63.69,10.3,88.9,93.6,1.43305,1.28819,0.56112,1.09296,-367272000.0,356414000.0,-0.8900000000000006,-0.4299999999999997,-0.9300000000000068,-0.629999999999999,-0.09999999999999432,-0.02349000000000001,-0.018340000000000023,-0.01195999999999997,0,0
44,2016-09-01,25086464000,13324680000,40.31,57.49,65.31,11.97,88.9,94.2,1.45371,1.30044,0.56158,1.11246,617352000.0,-628105000.0,0.490000000000002,0.35999999999999943,1.6200000000000045,1.67,0.0,0.020660000000000123,0.012250000000000094,0.019500000000000073,0,0
45,2016-10-01,25072371000,13327162000,39.57,57.34,65.29,12.19,88.8,95.7,1.47391,1.32099,0.56573,1.14859,-14093000.0,2482000.0,-0.740000000000002,-0.14999999999999858,-0.01999999999999602,0.21999999999999886,-0.10000000000000853,0.020199999999999996,0.020550000000000068,0.036129999999999995,0,0
46,2016-11-01,25255523000,13133421000,38.9,57.33,65.79,12.86,88.7,95.7,1.47543,1.32716,0.5801,1.12709,183152000.0,-193741000.0,-0.6700000000000017,-0.010000000000005116,0.5,0.6699999999999999,-0.09999999999999432,0.0015199999999999658,0.006169999999999787,-0.021500000000000075,0,0
47,2016-12-01,24949083000,13429364000,40.4,57.07,65.01,12.21,89.2,95.0,1.49598,1.35185,0.58502,1.17734,-306440000.0,295943000.0,1.5,-0.259999999999998,-0.7800000000000011,-0.6499999999999986,0.5,0.020550000000000068,0.0246900000000001,0.05025000000000013,0,0
48,2017-01-01,25029191000,13338518000,39.35,57.0,65.24,12.62,90.0,97.5,1.54411,1.39815,0.60208,1.20425,80108000.0,-90846000.0,-1.0499999999999972,-0.07000000000000028,0.22999999999998977,0.40999999999999837,0.7999999999999972,0.048130000000000006,0.04630000000000001,0.02690999999999999,0,0
49,2017-02-01,24932089000,13424519000,39.45,57.09,65.0,12.17,90.3,98.7,1.54983,1.39985,0.63178,1.20979,-97102000.0,86001000.0,0.10000000000000142,0.09000000000000341,-0.23999999999999488,-0.4499999999999993,0.29999999999999716,0.005719999999999947,0.0017000000000000348,0.005539999999999878,0,0
50,2017-03-01,24996112000,13349512000,40.38,57.14,65.19,12.35,90.2,99.1,1.54037,1.39397,0.63935,1.18281,64023000.0,-75007000.0,0.9299999999999997,0.04999999999999716,0.18999999999999773,0.17999999999999972,-0.09999999999999432,-0.009460000000000024,-0.005880000000000107,-0.026980000000000004,0,0
51,2017-04-01,25047509000,13287908000,40.28,57.92,65.34,11.36,90.3,100.7,1.55138,1.40333,0.62705,1.17217,51397000.0,-61604000.0,-0.10000000000000142,0.7800000000000011,0.15000000000000568,-0.9900000000000002,0.09999999999999432,0.011009999999999964,0.009360000000000035,-0.010639999999999983,0,0
52,2017-05-01,24969804000,13355501000,40.32,57.75,65.15,11.36,90.0,99.3,1.5285,1.37964,0.618,1.15196,-77705000.0,67593000.0,0.03999999999999915,-0.1700000000000017,-0.18999999999999773,0.0,-0.29999999999999716,-0.02288000000000001,-0.02368999999999999,-0.02020999999999984,0,0
53,2017-06-01,25064010000,13251074000,41.04,58.3,65.42,10.88,89.8,99.3,1.50194,1.352,0.61683,1.1122,94206000.0,-104427000.0,0.7199999999999989,0.5499999999999972,0.269999999999996,-0.47999999999999865,-0.20000000000000284,-0.026559999999999917,-0.027639999999999887,-0.03976000000000002,0,0
54,2017-07-01,25092005000,13197431000,41.45,58.37,65.53,10.92,89.8,98.6,1.49063,1.33828,0.6134,1.12385,27995000.0,-53643000.0,0.4100000000000037,0.07000000000000028,0.10999999999999943,0.03999999999999915,0.0,-0.011310000000000153,-0.013720000000000176,0.011649999999999938,0,0
55,2017-08-01,24849670000,13429435000,41.75,58.17,64.92,10.39,90.2,99.5,1.49993,1.35431,0.62019,1.12734,-242335000.0,232004000.0,0.29999999999999716,-0.19999999999999574,-0.6099999999999994,-0.5299999999999994,0.4000000000000057,0.009300000000000086,0.01602999999999999,0.003489999999999993,0,0
56,2017-09-01,25083866000,13184966000,40.44,58.25,65.55,11.14,90.3,100.5,1.52228,1.37319,0.64016,1.15752,234196000.0,-244469000.0,-1.3100000000000023,0.0799999999999983,0.6299999999999955,0.75,0.09999999999999432,0.022350000000000092,0.018880000000000008,0.030180000000000096,0,0
57,2017-10-01,25157904000,13100875000,40.19,58.18,65.76,11.52,90.6,101.2,1.52506,1.38745,0.65785,1.16509,74038000.0,-84091000.0,-0.25,-0.07000000000000028,0.21000000000000796,0.379999999999999,0.29999999999999716,0.0027800000000000047,0.014260000000000161,0.007569999999999855,0,0
58,2017-11-01,25333975000,12914466000,40.77,58.51,66.24,11.66,90.9,101.3,1.5437,1.41308,0.66593,1.20003,176071000.0,-186409000.0,0.5800000000000054,0.3299999999999983,0.47999999999998977,0.14000000000000057,0.30000000000001137,0.01863999999999999,0.02562999999999982,0.03493999999999997,0,0
59,2017-12-01,24694291000,13544310000,40.5,57.47,64.58,11.01,91.0,101.0,1.55004,1.42113,0.67515,1.21221,-639684000.0,629844000.0,-0.2700000000000031,-1.0399999999999991,-1.6599999999999966,-0.6500000000000004,0.09999999999999432,0.006340000000000012,0.008050000000000113,0.01218000000000008,0,0
60,2018-01-01,24879938000,13348825000,40.03,57.24,65.08,12.05,91.5,99.6,1.5686,1.44327,0.67695,1.23609,185647000.0,-195485000.0,-0.46999999999999886,-0.22999999999999687,0.5,1.040000000000001,0.5,0.01855999999999991,0.02214000000000005,0.0238799999999999,0,0
61,2018-02-01,24816509000,13402084000,39.36,57.46,64.93,11.51,91.7,101.1,1.55825,1.43105,0.66047,1.202,-63429000.0,53259000.0,-0.6700000000000017,0.21999999999999886,-0.14999999999999147,-0.5400000000000009,0.20000000000000284,-0.010350000000000081,-0.01222000000000012,-0.034089999999999954,0,0
62,2018-03-01,25117770000,13091237000,41.36,58.05,65.74,11.7,91.9,100.2,1.54796,1.42358,0.65172,1.20937,301261000.0,-310847000.0,2.0,0.5899999999999963,0.8099999999999881,0.1899999999999995,0.20000000000000284,-0.01028999999999991,-0.007469999999999866,0.007370000000000099,0,0
63,2018-04-01,25316248000,12883307000,40.99,58.64,66.27,11.52,91.6,99.2,1.56969,1.44649,0.64553,1.24772,198478000.0,-207930000.0,-0.36999999999999744,0.5900000000000034,0.5300000000000011,-0.17999999999999972,-0.30000000000001137,0.021730000000000027,0.022909999999999986,0.038349999999999884,0,0
64,2018-05-01,25263944000,12925930000,41.7,59.17,66.15,10.55,92.2,98.6,1.62103,1.49935,0.65332,1.2902,-52304000.0,42623000.0,0.7100000000000009,0.5300000000000011,-0.11999999999999034,-0.9699999999999989,0.6000000000000085,0.05133999999999994,0.05285999999999991,0.04248000000000007,0,0
65,2018-06-01,25313935000,12865436000,42.42,59.26,66.3,10.61,92.5,99.2,1.64166,1.52133,0.67004,1.29042,49991000.0,-60494000.0,0.7199999999999989,0.0899999999999963,0.14999999999999147,0.05999999999999872,0.29999999999999716,0.020629999999999926,0.02198000000000011,0.00021999999999988695,0,0
66,2018-07-01,24918259000,13231771000,41.62,58.91,65.32,9.81,93.8,98.2,1.63046,1.50874,0.67524,1.28408,-395676000.0,366335000.0,-0.8000000000000043,-0.3500000000000014,-0.980000000000004,-0.7999999999999989,1.2999999999999972,-0.011199999999999877,-0.012590000000000101,-0.00633999999999979,0,0
67,2018-08-01,24636387000,13502996000,41.44,59.0,64.6,8.66,94.1,97.7,1.62952,1.50716,0.67827,1.29027,-281872000.0,271225000.0,-0.17999999999999972,0.09000000000000341,-0.7199999999999989,-1.1500000000000004,0.29999999999999716,-0.0009399999999999409,-0.0015799999999999148,0.006189999999999918,0,0
68,2018-09-01,24900930000,13228693000,40.94,58.7,65.31,10.12,94.5,97.9,1.6422,1.52496,0.69126,1.30849,264543000.0,-274303000.0,-0.5,-0.29999999999999716,0.710000000000008,1.459999999999999,0.4000000000000057,0.012680000000000025,0.017800000000000038,0.018219999999999903,0,0
69,2018-10-01,25279697000,12839540000,40.48,58.78,66.32,11.37,95.7,96.7,1.65886,1.56165,0.70981,1.33601,378767000.0,-389153000.0,-0.46000000000000085,0.0799999999999983,1.009999999999991,1.25,1.2000000000000028,0.016659999999999897,0.03668999999999989,0.02751999999999999,0,0
70,2018-11-01,25102511000,13007351000,40.77,58.52,65.87,11.16,95.1,95.6,1.6129,1.53765,0.70285,1.29089,-177186000.0,167811000.0,0.29000000000000625,-0.259999999999998,-0.44999999999998863,-0.20999999999999908,-0.6000000000000085,-0.04596,-0.02400000000000002,-0.04511999999999983,0,0
71,2018-12-01,24792224000,13307996000,40.62,58.32,65.07,10.38,94.7,94.3,1.5096,1.45115,0.66603,1.25538,-310287000.0,300645000.0,-0.15000000000000568,-0.20000000000000284,-0.8000000000000114,-0.7799999999999994,-0.3999999999999915,-0.10329999999999995,-0.08650000000000002,-0.03551000000000015,0,0
72,2019-01-01,24930845000,13159059000,39.84,57.95,65.45,11.47,94.6,94.0,1.49013,1.43473,0.65704,1.27684,138621000.0,-148937000.0,-0.779999999999994,-0.36999999999999744,0.38000000000000966,1.0899999999999999,-0.10000000000000853,-0.0194700000000001,-0.01641999999999988,0.021460000000000035,0,0
73,2019-02-01,24934920000,13145622000,40.29,57.91,65.48,11.55,94.6,93.6,1.52115,1.46566,0.65771,1.29562,4075000.0,-13437000.0,0.44999999999999574,-0.04000000000000625,0.030000000000001137,0.08000000000000007,0.0,0.031020000000000048,0.030929999999999902,0.01878000000000002,0,0
74,2019-03-01,25054399000,13016046000,42.56,58.79,65.81,10.67,94.5,95.1,1.55809,1.49522,0.656,1.30891,119479000.0,-129576000.0,2.270000000000003,0.8800000000000026,0.3299999999999983,-0.8800000000000008,-0.09999999999999432,0.03693999999999997,0.02956000000000003,0.013290000000000024,0,0
75,2019-04-01,25120947000,12940153000,41.24,59.05,66.0,10.54,93.5,94.5,1.60987,1.50964,0.65362,1.32698,66548000.0,-75893000.0,-1.3200000000000003,0.259999999999998,0.18999999999999773,-0.13000000000000078,-1.0,0.05177999999999994,0.0144200000000001,0.01807000000000003,0,0
76,2019-05-01,25063283000,12988514000,41.74,59.39,65.87,9.83,93.6,95.0,1.62634,1.5191,0.65094,1.33,-57664000.0,48361000.0,0.5,0.3400000000000034,-0.12999999999999545,-0.7099999999999991,0.09999999999999432,0.016469999999999985,0.009459999999999802,0.0030200000000000227,0,0
77,2019-06-01,25098477000,12932329000,42.56,59.84,66.0,9.33,93.3,94.3,1.59691,1.48783,0.63815,1.28316,35194000.0,-56185000.0,0.8200000000000003,0.45000000000000284,0.12999999999999545,-0.5,-0.29999999999999716,-0.029429999999999845,-0.03126999999999991,-0.04683999999999999,0,0
78,2019-07-01,24964751000,13029961000,42.79,59.4,65.71,9.6,93.1,94.8,1.59454,1.48229,0.62016,1.30189,-133726000.0,97632000.0,0.22999999999999687,-0.44000000000000483,-0.29000000000000625,0.2699999999999996,-0.20000000000000284,-0.0023699999999999832,-0.005539999999999878,0.018729999999999913,0,0
79,2019-08-01,24645791000,13326196000,42.13,59.47,64.91,8.38,92.7,93.8,1.57447,1.46204,0.60821,1.29276,-318960000.0,296235000.0,-0.6599999999999966,0.07000000000000028,-0.7999999999999972,-1.2199999999999989,-0.3999999999999915,-0.020070000000000032,-0.0202500000000001,-0.009130000000000082,0,0
80,2019-09-01,24955806000,12998518000,41.89,59.19,65.75,9.98,92.9,93.7,1.57909,1.47141,0.60226,1.31452,310015000.0,-327678000.0,-0.240000000000002,-0.28000000000000114,0.8400000000000034,1.5999999999999996,0.20000000000000284,0.0046200000000000685,0.0093700000000001,0.02176,0,0
81,2019-10-01,24984653000,12953350000,41.61,59.21,65.86,10.1,92.9,94.3,1.57679,1.47185,0.60999,1.3092,28847000.0,-45168000.0,-0.28000000000000114,0.020000000000003126,0.10999999999999943,0.11999999999999922,0.0,-0.0023000000000001908,0.00043999999999999595,-0.005319999999999991,0,0
82,2019-11-01,25121493000,12801647000,42.36,59.55,66.24,10.1,92.7,93.9,1.57567,1.47131,0.61038,1.31685,136840000.0,-151703000.0,0.75,0.3399999999999963,0.37999999999999545,0.0,-0.20000000000000284,-0.0011200000000000099,-0.000540000000000207,0.007650000000000157,0,0
83,2019-12-01,24796870000,13111367000,41.79,58.89,65.41,9.98,92.7,95.1,1.58491,1.48248,0.62396,1.32862,-324623000.0,309720000.0,-0.5700000000000003,-0.6599999999999966,-0.8299999999999983,-0.11999999999999922,0.0,0.009240000000000137,0.011170000000000124,0.011769999999999836,0,0
84,2020-01-01,24844917000,13045355000,40.65,58.58,65.57,10.67,92.5,94.1,1.58642,1.48518,0.64147,1.31734,48047000.0,-66012000.0,-1.1400000000000006,-0.3100000000000023,0.1599999999999966,0.6899999999999995,-0.20000000000000284,0.0015099999999999003,0.0026999999999999247,-0.011279999999999957,0,0
85,2020-02-01,24777225000,13101776000,41.56,58.72,65.41,10.23,92.1,94.2,1.54873,1.44314,0.63308,1.27989,-67692000.0,56421000.0,0.9100000000000037,0.14000000000000057,-0.1599999999999966,-0.4399999999999995,-0.4000000000000057,-0.03769,-0.042039999999999855,-0.03744999999999998,0,0
86,2020-03-01,23645271000,14223474000,40.15,57.58,62.44,7.78,91.1,79.3,1.48659,1.37822,0.61701,1.17618,-1131954000.0,1121698000.0,-1.4100000000000037,-1.1400000000000006,-2.969999999999999,-2.45,-1.0,-0.06213999999999986,-0.06492000000000009,-0.10370999999999997,1,0
87,2020-04-01,22939428000,14915868000,37.84,56.62,60.6,6.56,88.7,95.05,1.40857,1.30241,0.60134,1.09182,-705843000.0,692394000.0,-2.309999999999995,-0.9600000000000009,-1.8399999999999963,-1.2200000000000006,-2.3999999999999915,-0.07801999999999998,-0.07580999999999993,-0.08435999999999999,1,0
88,2020-05-01,23343575000,14494149000,38.13,56.65,61.69,8.18,88.6,54.3,1.36522,1.25559,0.59419,1.07581,404147000.0,-421719000.0,0.28999999999999915,0.030000000000001137,1.0899999999999963,1.62,-0.10000000000000853,-0.04335,-0.046820000000000084,-0.01601000000000008,1,0
89,2020-06-01,23697528000,14116936000,37.96,56.66,62.67,9.59,89.1,63.6,1.3845,1.27246,0.59364,1.10585,353953000.0,-377213000.0,-0.1700000000000017,0.00999999999999801,0.980000000000004,1.4100000000000001,0.5,0.019279999999999964,0.01686999999999994,0.030040000000000067,1,0
90,2020-07-01,24109035000,13698134000,39.02,56.82,63.77,10.89,89.9,72.0,1.4031,1.28958,0.59423,1.12527,411507000.0,-418802000.0,1.0600000000000023,0.1600000000000037,1.1000000000000014,1.3000000000000007,0.8000000000000114,0.01859999999999995,0.017120000000000024,0.019419999999999993,1,0
91,2020-08-01,24175826000,13598367000,40.29,57.72,64.0,9.82,90.0,77.8,1.39908,1.28502,0.59461,1.11633,66791000.0,-99767000.0,1.269999999999996,0.8999999999999986,0.22999999999999687,-1.0700000000000003,0.09999999999999432,-0.0040199999999999125,-0.0045599999999998975,-0.008939999999999948,1,0
92,2020-09-01,24348212000,13396612000,39.38,57.7,64.51,10.56,90.1,86.5,1.39159,1.27081,0.5928,1.08939,172386000.0,-201755000.0,-0.9099999999999966,-0.01999999999999602,0.5100000000000051,0.7400000000000002,0.09999999999999432,-0.007489999999999997,-0.014210000000000056,-0.026939999999999964,1,0
93,2020-10-01,24430006000,13286739000,40.3,57.86,64.77,10.67,90.7,88.2,1.38757,1.25933,0.59187,1.08415,81794000.0,-109873000.0,0.9199999999999946,0.1599999999999966,0.2599999999999909,0.10999999999999943,0.6000000000000085,-0.004020000000000135,-0.011479999999999935,-0.0052400000000001334,1,0
94,2020-11-01,24017595000,13675364000,39.5,57.86,63.72,9.2,90.5,79.4,1.39059,1.26141,0.59676,1.09454,-412411000.0,388625000.0,-0.7999999999999972,0.0,-1.0499999999999972,-1.4700000000000006,-0.20000000000000284,0.0030200000000000227,0.0020799999999998597,0.010390000000000121,1,0
95,2020-12-01,23726774000,13942384000,38.37,56.84,62.99,9.77,91.0,82.8,1.42391,1.30032,0.61511,1.13686,-290821000.0,267020000.0,-1.1300000000000026,-1.019999999999996,-0.7299999999999969,0.5700000000000003,0.5,0.033320000000000016,0.03891,0.04231999999999991,1,0
96,2021-01-01,23557516000,14090249000,36.94,55.61,62.57,11.13,92.2,87.0,1.46548,1.3383,0.63283,1.16218,-169258000.0,147865000.0,-1.4299999999999997,-1.230000000000004,-0.4200000000000017,1.3600000000000012,1.2000000000000028,0.041569999999999885,0.037980000000000125,0.02532000000000001,1,0
97,2021-02-01,23654402000,13975694000,38.14,55.99,62.86,10.93,92.7,89.9,1.51112,1.38324,0.64412,1.2098,96886000.0,-114555000.0,1.2000000000000028,0.38000000000000256,0.28999999999999915,-0.20000000000000107,0.5,0.045640000000000125,0.04493999999999998,0.047619999999999996,1,0
98,2021-03-01,23765593000,13846423000,38.79,56.5,63.19,10.59,93.5,91.5,1.56813,1.43578,0.65947,1.24134,111191000.0,-129271000.0,0.6499999999999986,0.509999999999998,0.3299999999999983,-0.33999999999999986,0.7999999999999972,0.057010000000000005,0.05254000000000003,0.031540000000000123,1,0
99,2021-04-01,24001781000,13588005000,39.15,57.27,63.85,10.31,94.7,93.2,1.57555,1.43673,0.66355,1.23871,236188000.0,-258418000.0,0.35999999999999943,0.7700000000000031,0.6600000000000037,-0.27999999999999936,1.2000000000000028,0.007419999999999982,0.0009500000000000064,-0.0026300000000001322,1,0
100,2021-05-01,24147802000,13420585000,40.9,57.96,64.28,9.83,95.8,99.1,1.59033,1.44934,0.66328,1.24756,146021000.0,-167420000.0,1.75,0.6899999999999977,0.4299999999999997,-0.4800000000000004,1.0999999999999943,0.014780000000000015,0.01261000000000001,0.008850000000000025,1,0
101,2021-06-01,24474186000,13078964000,41.86,59.11,65.17,9.3,97.2,103.0,1.61363,1.4734,0.66561,1.27477,326384000.0,-341621000.0,0.9600000000000009,1.1499999999999986,0.8900000000000006,-0.5299999999999994,1.4000000000000057,0.023299999999999876,0.02405999999999997,0.027209999999999956,0,0
102,2021-07-01,24495890000,13055244000,43.53,59.34,65.23,9.04,100.0,105.9,1.65096,1.50834,0.68071,1.295,21704000.0,-23720000.0,1.6700000000000017,0.23000000000000398,0.060000000000002274,-0.26000000000000156,2.799999999999997,0.037330000000000085,0.03493999999999997,0.02022999999999997,0,0
103,2021-08-01,24169505000,13360389000,41.87,58.72,64.4,8.82,100.4,105.9,1.65417,1.50536,0.69533,1.28773,-326385000.0,305145000.0,-1.6600000000000037,-0.6200000000000045,-0.8299999999999983,-0.21999999999999886,0.4000000000000057,0.003209999999999935,-0.0029799999999999827,-0.007269999999999888,0,0
104,2021-09-01,24508875000,13003817000,42.15,59.37,65.33,9.12,102.0,105.7,1.66958,1.51729,0.70996,1.31391,339370000.0,-356572000.0,0.28000000000000114,0.6499999999999986,0.9299999999999926,0.29999999999999893,1.5999999999999943,0.015410000000000146,0.011929999999999996,0.02617999999999987,0,0
105,2021-10-01,24577914000,12810521000,42.78,59.3,65.74,9.78,109.2,106.6,1.7308,1.58965,0.8048,1.39403,69039000.0,-193296000.0,0.6300000000000026,-0.07000000000000028,0.4099999999999966,0.6600000000000001,7.200000000000003,0.06121999999999983,0.07235999999999998,0.08012000000000019,0,0
106,2021-11-01,24619466000,12756981000,42.55,60.0,65.87,8.92,110.6,106.2,1.74652,1.61048,0.83389,1.39867,41552000.0,-53540000.0,-0.23000000000000398,0.7000000000000028,0.13000000000000966,-0.8599999999999994,1.3999999999999915,0.01572000000000018,0.020829999999999904,0.0046399999999999775,0,0
107,2021-12-01,24325150000,13040291000,42.68,59.24,65.1,9.0,111.8,106.2,1.72425,1.5893,0.82136,1.38636,-294316000.0,283310000.0,0.13000000000000256,-0.759999999999998,-0.7700000000000102,0.08000000000000007,1.2000000000000028,-0.022270000000000012,-0.021179999999999977,-0.012310000000000043,0,0
108,2022-01-01,24015114000,13337918000,40.99,58.37,64.29,9.21,122.6,100.0,1.76474,1.6321,0.81761,1.44919,-310036000.0,297627000.0,-1.6899999999999977,-0.8700000000000045,-0.8099999999999881,0.21000000000000085,10.799999999999997,0.040489999999999915,0.04280000000000017,0.06282999999999994,0,0
109,2022-02-01,24206301000,13137676000,42.62,59.1,64.82,8.83,123.0,101.8,1.84812,1.72036,0.81837,1.52989,191187000.0,-200242000.0,1.6299999999999955,0.730000000000004,0.5299999999999869,-0.3800000000000008,0.4000000000000057,0.08338000000000001,0.08825999999999978,0.0807,0,0
110,2022-03-01,24405331000,12925993000,43.17,59.69,65.37,8.7,128.0,98.7,2.00759,1.97059,0.85733,1.79061,199030000.0,-211683000.0,0.5500000000000043,0.5899999999999963,0.5500000000000114,-0.13000000000000078,5.0,0.15947,0.2502300000000002,0.26072000000000006,0,1
111,2022-04-01,24403832000,12915432000,43.39,59.9,65.39,8.4,128.2,97.7,1.769,1.76874,0.83915,1.78414,-1499000.0,-10561000.0,0.21999999999999886,0.21000000000000085,0.01999999999999602,-0.29999999999999893,0.19999999999998863,-0.23859000000000008,-0.20185000000000008,-0.006469999999999976,0,1
112,2022-05-01,24377471000,12895102000,43.63,60.19,65.4,7.98,128.9,99.9,1.85127,1.82365,0.83389,1.81713,-26361000.0,-20330000.0,0.240000000000002,0.28999999999999915,0.010000000000005116,-0.41999999999999993,0.700000000000017,0.08227000000000007,0.054910000000000014,0.03298999999999985,0,1
113,2022-06-01,24754594000,12502680000,45.35,61.13,66.44,7.99,130.3,101.5,2.03416,1.97246,0.82969,1.97062,377123000.0,-392422000.0,1.7199999999999989,0.9400000000000048,1.039999999999992,0.009999999999999787,1.4000000000000057,0.18289,0.1488100000000001,0.15349000000000013,0,1
114,2022-07-01,24460081000,12782155000,44.04,60.68,65.68,7.61,136.8,98.8,1.96831,1.92735,0.82457,1.92433,-294513000.0,279475000.0,-1.3100000000000023,-0.45000000000000284,-0.7599999999999909,-0.3799999999999999,6.5,-0.06584999999999996,-0.045110000000000205,-0.04628999999999994,0,1
115,2022-08-01,24122872000,13104459000,43.52,59.73,64.8,7.82,140.7,98.6,1.77487,1.78585,0.80311,1.805,-337209000.0,322304000.0,-0.519999999999996,-0.9500000000000028,-0.8800000000000097,0.20999999999999996,3.8999999999999773,-0.19344000000000006,-0.14149999999999996,-0.11933000000000016,0,1
116,2022-09-01,24444972000,12768576000,44.47,60.41,65.69,8.04,144.6,94.6,1.68797,1.79312,0.80033,1.80375,322100000.0,-335883000.0,0.9499999999999957,0.6799999999999997,0.8900000000000006,0.21999999999999886,3.9000000000000057,-0.08689999999999998,0.00727000000000011,-0.0012499999999999734,0,1
117,2022-10-01,24709001000,12515332000,43.63,60.91,66.38,8.25,139.4,94.5,1.67864,1.84697,0.78864,1.88121,264029000.0,-253244000.0,-0.8399999999999963,0.5,0.6899999999999977,0.21000000000000085,-5.199999999999989,-0.00933000000000006,0.05384999999999995,0.07746000000000008,0,1
118,2022-11-01,24511824000,12704426000,44.63,60.67,65.86,7.89,143.1,96.0,1.68875,1.81059,0.77409,1.76322,-197177000.0,189094000.0,1.0,-0.23999999999999488,-0.519999999999996,-0.3600000000000003,3.6999999999999886,0.010110000000000063,-0.03638000000000008,-0.11799000000000004,0,1
119,2022-12-01,24528910000,12676312000,44.66,60.62,65.93,8.05,147.2,97.4,1.66293,1.72725,0.77864,1.64308,17086000.0,-28114000.0,0.02999999999999403,-0.05000000000000426,0.07000000000000739,0.16000000000000103,4.099999999999994,-0.025819999999999954,-0.08333999999999997,-0.12013999999999991,0,1
120,2023-01-01,24610962000,12582802000,42.91,60.49,66.17,8.59,136.1,98.0,1.83359,1.88054,0.80064,1.65267,82052000.0,-93510000.0,-1.75,-0.12999999999999545,0.23999999999999488,0.5399999999999991,-11.099999999999994,0.17066000000000003,0.15329000000000015,0.009589999999999987,0,1
121,2023-02-01,24617963000,12569509000,44.92,60.62,66.2,8.44,134.8,98.2,1.86075,1.84584,0.80104,1.57828,7001000.0,-13293000.0,2.010000000000005,0.12999999999999545,0.030000000000001137,-0.15000000000000036,-1.299999999999983,0.02715999999999985,-0.034700000000000175,-0.07439000000000018,0,1
122,2023-03-01,24652361000,12527242000,44.57,60.75,66.31,8.38,132.8,98.5,1.85541,1.7995,0.79797,1.54277,34398000.0,-42267000.0,-0.3500000000000014,0.13000000000000256,0.10999999999999943,-0.05999999999999872,-2.0,-0.0053399999999999,-0.046339999999999826,-0.03550999999999993,0,1
123,2023-04-01,24708155000,12458245000,43.94,61.05,66.48,8.17,126.3,99.8,1.87305,1.74882,0.78069,1.49287,55794000.0,-68997000.0,-0.6300000000000026,0.29999999999999716,0.1700000000000017,-0.21000000000000085,-6.500000000000014,0.0176400000000001,-0.05068000000000006,-0.049900000000000055,0,1
124,2023-05-01,24660494000,12492461000,45.09,61.31,66.38,7.63,123.5,97.3,1.81849,1.66164,0.76078,1.42658,-47661000.0,34216000.0,1.1500000000000057,0.2600000000000051,-0.10000000000000853,-0.54,-2.799999999999997,-0.054560000000000164,-0.08718000000000004,-0.06628999999999996,0,1
125,2023-06-01,24923422000,12217894000,46.64,62.31,67.1,7.15,123.1,96.6,1.83984,1.67745,0.73398,1.44335,262928000.0,-274567000.0,1.5499999999999972,1.0,0.7199999999999989,-0.47999999999999954,-0.4000000000000057,0.02134999999999998,0.015810000000000102,0.01676999999999995,0,1
126,2023-07-01,24740655000,12388826000,44.94,61.53,66.63,7.66,122.9,97.1,1.86733,1.71179,0.71195,1.48624,-182767000.0,170932000.0,-1.7000000000000028,-0.7800000000000011,-0.46999999999999886,0.5099999999999998,-0.19999999999998863,0.027490000000000014,0.034339999999999815,0.042890000000000095,0,1
127,2023-08-01,24462437000,12656438000,44.57,61.25,65.9,7.07,123.5,96.2,1.94271,1.83367,0.71048,1.60635,-278218000.0,267612000.0,-0.36999999999999744,-0.28000000000000114,-0.7299999999999898,-0.5899999999999999,0.5999999999999943,0.07538,0.12187999999999999,0.12010999999999994,0,1
128,2023-09-01,24908409000,12199479000,45.11,61.99,67.12,7.65,124.3,94.9,1.98648,1.91108,0.71388,1.68979,445972000.0,-456959000.0,0.5399999999999991,0.740000000000002,1.2199999999999989,0.5800000000000001,0.7999999999999972,0.04377000000000009,0.07740999999999998,0.08343999999999996,0,1
129,2023-10-01,25221754000,11877229000,45.13,62.38,67.99,8.25,126.2,94.8,1.91122,1.89043,0.72349,1.65181,313345000.0,-322250000.0,0.020000000000003126,0.39000000000000057,0.8699999999999903,0.5999999999999996,1.9000000000000057,-0.0752600000000001,-0.020649999999999835,-0.0379799999999999,0,1
130,2023-11-01,24875096000,12236791000,44.83,61.86,67.03,7.7,124.8,93.9,1.8217,1.80586,0.7258,1.57209,-346658000.0,359562000.0,-0.30000000000000426,-0.5200000000000031,-0.9599999999999937,-0.5499999999999998,-1.4000000000000057,-0.08951999999999982,-0.08457000000000003,-0.07972000000000001,0,1
131,2023-12-01,24856382000,12269714000,46.81,62.17,66.95,7.14,123.6,96.9,1.77326,1.73908,0.72271,1.52236,-18714000.0,32923000.0,1.980000000000004,0.3100000000000023,-0.0799999999999983,-0.5600000000000005,-1.2000000000000028,-0.04844000000000004,-0.06678000000000006,-0.04973000000000005,0,1
132,2024-01-01,24729934000,12415275000,44.31,61.4,66.58,7.78,121.5,97.5,1.78729,1.74353,0.72077,1.53487,-126448000.0,145561000.0,-2.5,-0.7700000000000031,-0.37000000000000455,0.6400000000000006,-2.0999999999999943,0.014029999999999987,0.004450000000000065,0.012510000000000021,0,1
133,2024-02-01,24862465000,12303679000,44.35,61.39,66.9,8.23,120.3,95.6,1.85016,1.81435,0.72316,1.57505,132531000.0,-111596000.0,0.03999999999999915,-0.00999999999999801,0.3200000000000074,0.4500000000000002,-1.2000000000000028,0.06286999999999998,0.07081999999999988,0.040180000000000105,0,1
134,2024-03-01,24919353000,12265904000,45.41,61.96,67.01,7.53,120.0,97.0,1.86566,1.79772,0.72223,1.55217,56888000.0,-37775000.0,1.0599999999999952,0.5700000000000003,0.10999999999999943,-0.7000000000000002,-0.29999999999999716,0.01550000000000007,-0.016629999999999923,-0.02288000000000001,0,1
135,2024-04-01,24885301000,12323057000,43.93,62.2,66.88,6.99,118.9,96.2,1.9124,1.79788,0.7217,1.54363,-34052000.0,57153000.0,-1.4799999999999969,0.240000000000002,-0.13000000000000966,-0.54,-1.0999999999999943,0.046740000000000004,0.00015999999999993797,-0.008539999999999992,0,1
136,2024-05-01,24755048000,12472423000,44.88,62.09,66.5,6.63,119.2,95.4,1.88628,1.7385,0.71916,1.48444,-130253000.0,149366000.0,0.9500000000000028,-0.10999999999999943,-0.37999999999999545,-0.3600000000000003,0.29999999999999716,-0.026120000000000143,-0.05937999999999999,-0.059190000000000076,0,1
137,2024-06-01,25049855000,12198551000,46.09,62.62,67.25,6.88,120.0,94.6,1.85111,1.71068,0.71406,1.48358,294807000.0,-273872000.0,1.2100000000000009,0.529999999999994,0.75,0.25,0.7999999999999972,-0.035169999999999924,-0.027819999999999956,-0.0008600000000000829,0,1
138,2024-07-01,24853861000,12413231000,44.72,62.64,66.69,6.08,121.6,94.3,1.86131,1.74137,0.72158,1.48253,-195994000.0,214680000.0,-1.3700000000000045,0.020000000000003126,-0.5600000000000023,-0.7999999999999998,1.5999999999999943,0.010199999999999987,0.030690000000000106,-0.0010499999999999954,0,1
139,2024-08-01,24641451000,12623075000,45.84,62.53,66.13,5.44,122.5,94.8,1.81795,1.6933,0.72335,1.43248,-212410000.0,209844000.0,1.1200000000000045,-0.10999999999999943,-0.5600000000000023,-0.6399999999999997,0.9000000000000057,-0.043360000000000065,-0.04807000000000006,-0.05004999999999993,0,1
140,2024-09-01,24721320000,12540439000,45.91,62.54,66.35,5.73,121.8,95.7,1.75548,1.63274,0.72201,1.38009,79869000.0,-82636000.0,0.06999999999999318,0.00999999999999801,0.21999999999999886,0.29000000000000004,-0.7000000000000028,-0.062470000000000026,-0.06055999999999995,-0.05238999999999994,0,1
141,2024-10-01,24700661000,12560776000,44.71,62.41,66.29,5.85,122.7,93.4,1.75512,1.63377,0.72774,1.40597,-20659000.0,20337000.0,-1.1999999999999957,-0.13000000000000256,-0.05999999999998806,0.11999999999999922,0.9000000000000057,-0.00035999999999991594,0.0010299999999998644,0.025879999999999903,0,1
142,2024-11-01,24608397000,12655496000,43.93,62.12,66.04,5.93,124.2,92.9,1.75768,1.64318,0.73452,1.42506,-92264000.0,94720000.0,-0.7800000000000011,-0.28999999999999915,-0.25,0.08000000000000007,1.5,0.0025599999999998957,0.00941000000000014,0.01909000000000005,0,1
143,2024-12-01,24915854000,12348238000,44.96,62.32,66.86,6.79,124.9,95.0,1.75614,1.65461,0.73946,1.43448,307457000.0,-307258000.0,1.0300000000000011,0.20000000000000284,0.8199999999999932,0.8600000000000003,0.7000000000000028,-0.0015399999999998748,0.01142999999999983,0.009419999999999984,0,1
144,2025-01-01,25002616000,12239041000,44.32,62.29,67.14,7.22,126.9,95.3,1.81007,1.71364,0.73986,1.48359,86762000.0,-109197000.0,-0.6400000000000006,-0.030000000000001137,0.28000000000000114,0.4299999999999997,2.0,0.05393000000000003,0.05903000000000014,0.04910999999999999,0,1
145,2025-02-01,24948839000,12279875000,44.4,62.54,67.02,6.68,127.8,94.5,1.82185,1.72517,0.74402,1.47643,-53777000.0,40834000.0,0.0799999999999983,0.25,-0.12000000000000455,-0.54,0.8999999999999915,0.011779999999999902,0.01153000000000004,-0.007160000000000055,0,1
146,2025-03-01,25039749000,12186197000,43.99,62.65,67.26,6.85,124.7,93.2,1.78012,1.68032,0.74362,1.42016,90910000.0,-93678000.0,-0.4099999999999966,0.10999999999999943,0.2400000000000091,0.16999999999999993,-3.0999999999999943,-0.041730000000000045,-0.044850000000000056,-0.05626999999999982,0,1
147,2025-04-01,24840618000,12373808000,44.21,62.57,66.75,6.26,122.0,91.8,1.72593,1.61993,0.73962,1.35415,-199131000.0,187611000.0,0.21999999999999886,-0.0799999999999983,-0.5100000000000051,-0.5899999999999999,-2.700000000000003,-0.05418999999999996,-0.060389999999999944,-0.06601000000000012,0,1
148,2025-05-01,25154104000,12057743000,44.11,62.81,67.6,7.08,121.2,93.4,1.69513,1.58986,0.72287,1.331,313486000.0,-316065000.0,-0.10000000000000142,0.240000000000002,0.8499999999999943,0.8200000000000003,-0.7999999999999972,-0.03079999999999994,-0.03007000000000004,-0.023150000000000004,0,1
149,2025-06-01,25022022000,12184230000,44.52,62.69,67.25,6.78,122.9,94.0,1.71667,1.62477,0.71051,1.38207,-132082000.0,126487000.0,0.4100000000000037,-0.12000000000000455,-0.3499999999999943,-0.2999999999999998,1.7000000000000028,0.021539999999999893,0.03491,0.05106999999999995,0,1
150,2025-07-01,24708347000,12453710000,44.15,62.54,66.49,5.93,123.5,93.8,1.72543,1.66083,0.7039,1.41398,-313675000.0,269480000.0,-0.37000000000000455,-0.14999999999999858,-0.7600000000000051,-0.8500000000000005,0.5999999999999943,0.008760000000000101,0.03605999999999998,0.031910000000000105,0,1
151,2025-08-01,24518457000,12639852000,43.33,62.47,65.98,5.32,122.8,93.7,1.70186,1.63123,0.70211,1.37904,-189890000.0,186142000.0,-0.8200000000000003,-0.07000000000000028,-0.5099999999999909,-0.6099999999999994,-0.7000000000000028,-0.02357000000000009,-0.02960000000000007,-0.03493999999999997,0,1
152,2025-09-01,24732640000,12416623000,44.11,62.55,66.58,6.04,123.1,93.8,1.71024,1.63531,0.69714,1.3868,214183000.0,-223229000.0,0.7800000000000011,0.0799999999999983,0.5999999999999943,0.7199999999999998,0.29999999999999716,0.008380000000000054,0.0040800000000000836,0.007759999999999989,0,1
153,2025-10-01,24712759000,12433050000,43.28,62.78,66.53,5.64,122.8,94.4,1.69451,1.62232,0.69545,1.38145,-19881000.0,16427000.0,-0.8299999999999983,0.23000000000000398,-0.04999999999999716,-0.40000000000000036,-0.29999999999999716,-0.015730000000000022,-0.012990000000000057,-0.005349999999999966,0,1
154,2025-11-01,24426135000,12718409000,43.0,62.13,65.76,5.52,124.0,96.1,1.71901,1.68175,0.69413,1.4157,-286624000.0,285359000.0,-0.28000000000000114,-0.6499999999999986,-0.769999999999996,-0.1200000000000001,1.2000000000000028,0.024499999999999966,0.059430000000000094,0.03424999999999989,0,1
155,2025-12-01,24531682000,12609532000,43.43,62.2,66.05,5.83,123.1,96.5,1.69686,1.6526,0.69482,1.35576,105547000.0,-108877000.0,0.4299999999999997,0.07000000000000028,0.28999999999999204,0.3100000000000005,-0.9000000000000057,-0.022149999999999892,-0.02915000000000001,-0.05993999999999988,0,1
156,2026-01-01,24600433000,12534243000,43.77,62.8,66.25,5.21,124.9,97.5,1.63506,1.66547,0.693,1.36161,68751000.0,-75289000.0,0.3400000000000034,0.5999999999999943,0.20000000000000284,-0.6200000000000001,1.8000000000000114,-0.06180000000000008,0.012869999999999937,0.005849999999999911,0,1
