date,workforce,inactives,employment_rate,youth_employment_rate,activity_rate,unemployment_rate,industry_production_prices,services_production_prices,companies_trust,gasoline_car_price,diesel_price,GPL_price,diesel_heatining_price
2013-01-01,24545.012,14461.505,39.96,54.54,62.93,13.32,94.2,98.4,77.7,1.74994,1.69438,0.87203,1.43948
2013-02-01,24651.944,14350.054,41.1,54.82,63.21,13.27,94.3,,76.5,1.781,1.69967,0.85676,1.4568
2013-03-01,24585.629,14412.556,40.2,54.94,63.04,12.86,94.3,,78.1,1.79691,1.69394,0.84149,1.43179
2013-04-01,24489.735,14505.159,39.02,54.78,62.8,12.78,93.9,98.3,74.2,1.7538,1.65111,0.81166,1.4043
2013-05-01,24531.196,14459.758,40.39,55.04,62.92,12.51,93.9,,75.9,1.71616,1.61231,0.77374,1.37599
2013-06-01,24439.571,14539.881,40.18,55.29,62.7,11.81,94.1,,77.1,1.73376,1.62646,0.75335,1.36505
2013-07-01,24267.156,14687.761,39.99,55.27,62.3,11.27,93.9,98.0,79.1,1.75353,1.64402,0.76803,1.4008
2013-08-01,24098.255,14845.028,39.63,54.98,61.88,11.14,93.9,,83.3,1.76785,1.65804,0.78769,1.40438
2013-09-01,24338.206,14594.82,38.54,54.72,62.51,12.47,93.9,,83.7,1.77323,1.67667,0.79757,1.42514
2013-10-01,24764.774,14157.293,38.91,55.28,63.63,13.12,93.2,98.2,83.8,1.72878,1.65969,0.78834,1.40971
2013-11-01,24731.105,14181.004,38.83,55.05,63.56,13.38,93.1,,86.8,1.70356,1.63663,0.78211,1.40342
2013-12-01,24445.515,14454.642,38.91,55.03,62.84,12.43,93.0,,86.3,1.72763,1.65656,0.8448,1.42174
2014-01-01,24513.861,14375.914,37.52,54.12,63.03,14.15,93.0,98.9,87.9,1.72307,1.64899,0.8749,1.40243
2014-02-01,24670.915,14208.62,38.64,54.49,63.45,14.13,93.0,,87.3,1.71405,1.63783,0.82339,1.41421
2014-03-01,24874.831,13994.21,38.81,55.42,64.0,13.4,92.8,,89.2,1.7153,1.63147,0.78564,1.40184
2014-04-01,24454.572,14404.401,37.57,54.69,62.93,13.1,92.6,98.2,88.3,1.7256,1.62855,0.7686,1.3872
2014-05-01,24750.999,14096.788,39.78,55.44,63.71,12.98,92.5,,87.6,1.73753,1.63068,0.76125,1.39451
2014-06-01,24523.657,14307.431,39.38,55.9,63.15,11.48,92.7,,89.3,1.74396,1.63208,0.76481,1.39805
2014-07-01,24613.027,14189.142,39.78,55.75,63.43,12.11,92.4,98.2,91.7,1.76119,1.63564,0.77029,1.39748
2014-08-01,24096.54,14690.101,39.36,55.19,62.13,11.17,92.4,,88.4,1.74973,1.62161,0.76831,1.39683
2014-09-01,24757.47,14014.256,38.78,55.64,63.85,12.87,92.4,,86.1,1.73456,1.61478,0.75938,1.39229
2014-10-01,25163.311,13591.724,39.37,55.98,64.93,13.78,92.1,98.0,85.8,1.70922,1.59324,0.75062,1.35414
2014-11-01,25098.524,13642.091,38.83,55.3,64.79,14.64,91.9,,85.5,1.65241,1.55345,0.72506,1.33401
2014-12-01,24488.352,14236.885,39.61,55.45,63.24,12.31,91.3,,87.8,1.58565,1.49347,0.68583,1.26602
2015-01-01,24541.53,14168.47,38.3,55.07,63.4,13.13,90.1,97.8,89.7,1.47204,1.38726,0.63024,1.17793
2015-02-01,24609.355,14085.883,37.61,55.12,63.6,13.33,90.6,,91.7,1.48944,1.40039,0.61999,1.19365
2015-03-01,24735.184,13944.617,38.22,55.35,63.95,13.45,90.6,,95.1,1.5659,1.46226,0.64166,1.22983
2015-04-01,24689.783,13975.798,38.59,55.92,63.85,12.42,90.6,98.1,94.4,1.58063,1.44772,0.65418,1.22581
2015-05-01,24743.106,13907.703,38.44,55.96,64.02,12.59,90.8,,94.2,1.61405,1.4802,0.64171,1.27473
2015-06-01,24743.81,13893.307,38.25,56.2,64.04,12.24,90.7,,95.6,1.62284,1.47754,0.62095,1.26048
2015-07-01,24441.759,14168.443,40.44,56.45,63.3,10.83,90.3,97.6,97.5,1.62546,1.45155,0.6024,1.2356
2015-08-01,24234.845,14360.108,39.73,56.48,62.79,10.05,89.7,,96.5,1.56782,1.39876,0.59818,1.17584
2015-09-01,24615.581,13965.847,39.82,56.47,63.8,11.5,89.5,,98.2,1.49474,1.36003,0.58495,1.16188
2015-10-01,24920.671,13646.322,40.27,56.68,64.62,12.28,89.3,97.2,97.7,1.47321,1.3484,0.58206,1.1423
2015-11-01,24808.771,13743.945,39.05,56.42,64.35,12.33,89.0,,97.4,1.45735,1.34052,0.58419,1.13312
2015-12-01,24494.519,14043.77,39.92,56.01,63.56,11.88,88.4,,97.6,1.45068,1.30885,0.59872,1.0789
2016-01-01,24676.359,13848.087,38.86,56.21,64.05,12.24,87.8,96.3,95.2,1.41605,1.23282,0.59293,1.02867
2016-02-01,24510.215,13999.635,38.47,55.67,63.65,12.53,87.4,,95.5,1.37818,1.19242,0.55662,1.01956
2016-03-01,24741.433,13755.967,38.77,56.36,64.27,12.3,87.5,,94.6,1.38815,1.2251,0.54188,1.05078
2016-04-01,25007.098,13476.018,39.75,57.16,64.98,12.04,87.0,96.8,97.9,1.42094,1.23768,0.54685,1.05446
2016-05-01,25026.808,13442.326,40.66,57.46,65.06,11.68,87.6,,98.0,1.45265,1.27622,0.55117,1.10028
2016-06-01,25152.748,13304.221,40.83,57.81,65.4,11.62,88.0,,95.7,1.47916,1.31902,0.55972,1.13088
2016-07-01,24836.384,13596.371,40.71,57.56,64.62,10.93,89.0,96.4,95.6,1.45654,1.30653,0.5629,1.10492
2016-08-01,24469.112,13952.785,39.82,57.13,63.69,10.3,88.9,,93.6,1.43305,1.28819,0.56112,1.09296
2016-09-01,25086.464,13324.68,40.31,57.49,65.31,11.97,88.9,,94.2,1.45371,1.30044,0.56158,1.11246
2016-10-01,25072.371,13327.162,39.57,57.34,65.29,12.19,88.8,96.6,95.7,1.47391,1.32099,0.56573,1.14859
2016-11-01,25255.523,13133.421,38.9,57.33,65.79,12.86,88.7,,95.7,1.47543,1.32716,0.5801,1.12709
2016-12-01,24949.083,13429.364,40.4,57.07,65.01,12.21,89.2,,95.0,1.49598,1.35185,0.58502,1.17734
2017-01-01,25029.191,13338.518,39.35,57.0,65.24,12.62,90.0,95.9,97.5,1.54411,1.39815,0.60208,1.20425
2017-02-01,24932.089,13424.519,39.45,57.09,65.0,12.17,90.3,,98.7,1.54983,1.39985,0.63178,1.20979
2017-03-01,24996.112,13349.512,40.38,57.14,65.19,12.35,90.2,,99.1,1.54037,1.39397,0.63935,1.18281
2017-04-01,25047.509,13287.908,40.28,57.92,65.34,11.36,90.3,97.2,100.7,1.55138,1.40333,0.62705,1.17217
2017-05-01,24969.804,13355.501,40.32,57.75,65.15,11.36,90.0,,99.3,1.5285,1.37964,0.618,1.15196
2017-06-01,25064.01,13251.074,41.04,58.3,65.42,10.88,89.8,,99.3,1.50194,1.352,0.61683,1.1122
2017-07-01,25092.005,13197.431,41.45,58.37,65.53,10.92,89.8,97.4,98.6,1.49063,1.33828,0.6134,1.12385
2017-08-01,24849.67,13429.435,41.75,58.17,64.92,10.39,90.2,,99.5,1.49993,1.35431,0.62019,1.12734
2017-09-01,25083.866,13184.966,40.44,58.25,65.55,11.14,90.3,,100.5,1.52228,1.37319,0.64016,1.15752
2017-10-01,25157.904,13100.875,40.19,58.18,65.76,11.52,90.6,97.9,101.2,1.52506,1.38745,0.65785,1.16509
2017-11-01,25333.975,12914.466,40.77,58.51,66.24,11.66,90.9,,101.3,1.5437,1.41308,0.66593,1.20003
2017-12-01,24694.291,13544.31,40.5,57.47,64.58,11.01,91.0,,101.0,1.55004,1.42113,0.67515,1.21221
2018-01-01,24879.938,13348.825,40.03,57.24,65.08,12.05,91.5,98.0,99.6,1.5686,1.44327,0.67695,1.23609
2018-02-01,24816.509,13402.084,39.36,57.46,64.93,11.51,91.7,,101.1,1.55825,1.43105,0.66047,1.202
2018-03-01,25117.77,13091.237,41.36,58.05,65.74,11.7,91.9,,100.2,1.54796,1.42358,0.65172,1.20937
2018-04-01,25316.248,12883.307,40.99,58.64,66.27,11.52,91.6,98.5,99.2,1.56969,1.44649,0.64553,1.24772
2018-05-01,25263.944,12925.93,41.7,59.17,66.15,10.55,92.2,,98.6,1.62103,1.49935,0.65332,1.2902
2018-06-01,25313.935,12865.436,42.42,59.26,66.3,10.61,92.5,,99.2,1.64166,1.52133,0.67004,1.29042
2018-07-01,24918.259,13231.771,41.62,58.91,65.32,9.81,93.8,99.0,98.2,1.63046,1.50874,0.67524,1.28408
2018-08-01,24636.387,13502.996,41.44,59.0,64.6,8.66,94.1,,97.7,1.62952,1.50716,0.67827,1.29027
2018-09-01,24900.93,13228.693,40.94,58.7,65.31,10.12,94.5,,97.9,1.6422,1.52496,0.69126,1.30849
2018-10-01,25279.697,12839.54,40.48,58.78,66.32,11.37,95.7,99.9,96.7,1.65886,1.56165,0.70981,1.33601
2018-11-01,25102.511,13007.351,40.77,58.52,65.87,11.16,95.1,,95.6,1.6129,1.53765,0.70285,1.29089
2018-12-01,24792.224,13307.996,40.62,58.32,65.07,10.38,94.7,,94.3,1.5096,1.45115,0.66603,1.25538
2019-01-01,24930.845,13159.059,39.84,57.95,65.45,11.47,94.6,99.7,94.0,1.49013,1.43473,0.65704,1.27684
2019-02-01,24934.92,13145.622,40.29,57.91,65.48,11.55,94.6,,93.6,1.52115,1.46566,0.65771,1.29562
2019-03-01,25054.399,13016.046,42.56,58.79,65.81,10.67,94.5,,95.1,1.55809,1.49522,0.656,1.30891
2019-04-01,25120.947,12940.153,41.24,59.05,66.0,10.54,93.5,100.0,94.5,1.60987,1.50964,0.65362,1.32698
2019-05-01,25063.283,12988.514,41.74,59.39,65.87,9.83,93.6,,95.0,1.62634,1.5191,0.65094,1.33
2019-06-01,25098.477,12932.329,42.56,59.84,66.0,9.33,93.3,,94.3,1.59691,1.48783,0.63815,1.28316
2019-07-01,24964.751,13029.961,42.79,59.4,65.71,9.6,93.1,99.3,94.8,1.59454,1.48229,0.62016,1.30189
2019-08-01,24645.791,13326.196,42.13,59.47,64.91,8.38,92.7,,93.8,1.57447,1.46204,0.60821,1.29276
2019-09-01,24955.806,12998.518,41.89,59.19,65.75,9.98,92.9,,93.7,1.57909,1.47141,0.60226,1.31452
2019-10-01,24984.653,12953.35,41.61,59.21,65.86,10.1,92.9,100.1,94.3,1.57679,1.47185,0.60999,1.3092
2019-11-01,25121.493,12801.647,42.36,59.55,66.24,10.1,92.7,,93.9,1.57567,1.47131,0.61038,1.31685
2019-12-01,24796.87,13111.367,41.79,58.89,65.41,9.98,92.7,,95.1,1.58491,1.48248,0.62396,1.32862
2020-01-01,24844.917,13045.355,40.65,58.58,65.57,10.67,92.5,98.4,94.1,1.58642,1.48518,0.64147,1.31734
2020-02-01,24777.225,13101.776,41.56,58.72,65.41,10.23,92.1,,94.2,1.54873,1.44314,0.63308,1.27989
2020-03-01,23645.271,14223.474,40.15,57.58,62.44,7.78,91.1,,79.3,1.48659,1.37822,0.61701,1.17618
2020-04-01,22939.428,14915.868,37.84,56.62,60.6,6.56,88.7,98.9,,1.40857,1.30241,0.60134,1.09182
2020-05-01,23343.575,14494.149,38.13,56.65,61.69,8.18,88.6,,54.3,1.36522,1.25559,0.59419,1.07581
2020-06-01,23697.528,14116.936,37.96,56.66,62.67,9.59,89.1,,63.6,1.3845,1.27246,0.59364,1.10585
2020-07-01,24109.035,13698.134,39.02,56.82,63.77,10.89,89.9,99.0,72.0,1.4031,1.28958,0.59423,1.12527
2020-08-01,24175.826,13598.367,40.29,57.72,64.0,9.82,90.0,,77.8,1.39908,1.28502,0.59461,1.11633
2020-09-01,24348.212,13396.612,39.38,57.7,64.51,10.56,90.1,,86.5,1.39159,1.27081,0.5928,1.08939
2020-10-01,24430.006,13286.739,40.3,57.86,64.77,10.67,90.7,99.3,88.2,1.38757,1.25933,0.59187,1.08415
2020-11-01,24017.595,13675.364,39.5,57.86,63.72,9.2,90.5,,79.4,1.39059,1.26141,0.59676,1.09454
2020-12-01,23726.774,13942.384,38.37,56.84,62.99,9.77,91.0,,82.8,1.42391,1.30032,0.61511,1.13686
2021-01-01,23557.516,14090.249,36.94,55.61,62.57,11.13,92.2,98.8,87.0,1.46548,1.3383,0.63283,1.16218
2021-02-01,23654.402,13975.694,38.14,55.99,62.86,10.93,92.7,,89.9,1.51112,1.38324,0.64412,1.2098
2021-03-01,23765.593,13846.423,38.79,56.5,63.19,10.59,93.5,,91.5,1.56813,1.43578,0.65947,1.24134
2021-04-01,24001.781,13588.005,39.15,57.27,63.85,10.31,94.7,99.5,93.2,1.57555,1.43673,0.66355,1.23871
2021-05-01,24147.802,13420.585,40.9,57.96,64.28,9.83,95.8,,99.1,1.59033,1.44934,0.66328,1.24756
2021-06-01,24474.186,13078.964,41.86,59.11,65.17,9.3,97.2,,103.0,1.61363,1.4734,0.66561,1.27477
2021-07-01,24495.89,13055.244,43.53,59.34,65.23,9.04,100.0,100.2,105.9,1.65096,1.50834,0.68071,1.295
2021-08-01,24169.505,13360.389,41.87,58.72,64.4,8.82,100.4,,105.9,1.65417,1.50536,0.69533,1.28773
2021-09-01,24508.875,13003.817,42.15,59.37,65.33,9.12,102.0,,105.7,1.66958,1.51729,0.70996,1.31391
2021-10-01,24577.914,12810.521,42.78,59.3,65.74,9.78,109.2,101.4,106.6,1.7308,1.58965,0.8048,1.39403
2021-11-01,24619.466,12756.981,42.55,60.0,65.87,8.92,110.6,,106.2,1.74652,1.61048,0.83389,1.39867
2021-12-01,24325.15,13040.291,42.68,59.24,65.1,9.0,111.8,,106.2,1.72425,1.5893,0.82136,1.38636
2022-01-01,24015.114,13337.918,40.99,58.37,64.29,9.21,122.6,102.1,100.0,1.76474,1.6321,0.81761,1.44919
2022-02-01,24206.301,13137.676,42.62,59.1,64.82,8.83,123.0,,101.8,1.84812,1.72036,0.81837,1.52989
2022-03-01,24405.331,12925.993,43.17,59.69,65.37,8.7,128.0,,98.7,2.00759,1.97059,0.85733,1.79061
2022-04-01,24403.832,12915.432,43.39,59.9,65.39,8.4,128.2,103.7,97.7,1.769,1.76874,0.83915,1.78414
2022-05-01,24377.471,12895.102,43.63,60.19,65.4,7.98,128.9,,99.9,1.85127,1.82365,0.83389,1.81713
2022-06-01,24754.594,12502.68,45.35,61.13,66.44,7.99,130.3,,101.5,2.03416,1.97246,0.82969,1.97062
2022-07-01,24460.081,12782.155,44.04,60.68,65.68,7.61,136.8,104.3,98.8,1.96831,1.92735,0.82457,1.92433
2022-08-01,24122.872,13104.459,43.52,59.73,64.8,7.82,140.7,,98.6,1.77487,1.78585,0.80311,1.805
2022-09-01,24444.972,12768.576,44.47,60.41,65.69,8.04,144.6,,94.6,1.68797,1.79312,0.80033,1.80375
2022-10-01,24709.001,12515.332,43.63,60.91,66.38,8.25,139.4,105.4,94.5,1.67864,1.84697,0.78864,1.88121
2022-11-01,24511.824,12704.426,44.63,60.67,65.86,7.89,143.1,,96.0,1.68875,1.81059,0.77409,1.76322
2022-12-01,24528.91,12676.312,44.66,60.62,65.93,8.05,147.2,,97.4,1.66293,1.72725,0.77864,1.64308
2023-01-01,24610.962,12582.802,42.91,60.49,66.17,8.59,136.1,106.5,98.0,1.83359,1.88054,0.80064,1.65267
2023-02-01,24617.963,12569.509,44.92,60.62,66.2,8.44,134.8,,98.2,1.86075,1.84584,0.80104,1.57828
2023-03-01,24652.361,12527.242,44.57,60.75,66.31,8.38,132.8,,98.5,1.85541,1.7995,0.79797,1.54277
2023-04-01,24708.155,12458.245,43.94,61.05,66.48,8.17,126.3,107.0,99.8,1.87305,1.74882,0.78069,1.49287
2023-05-01,24660.494,12492.461,45.09,61.31,66.38,7.63,123.5,,97.3,1.81849,1.66164,0.76078,1.42658
2023-06-01,24923.422,12217.894,46.64,62.31,67.1,7.15,123.1,,96.6,1.83984,1.67745,0.73398,1.44335
2023-07-01,24740.655,12388.826,44.94,61.53,66.63,7.66,122.9,107.1,97.1,1.86733,1.71179,0.71195,1.48624
2023-08-01,24462.437,12656.438,44.57,61.25,65.9,7.07,123.5,,96.2,1.94271,1.83367,0.71048,1.60635
2023-09-01,24908.409,12199.479,45.11,61.99,67.12,7.65,124.3,,94.9,1.98648,1.91108,0.71388,1.68979
2023-10-01,25221.754,11877.229,45.13,62.38,67.99,8.25,126.2,108.1,94.8,1.91122,1.89043,0.72349,1.65181
2023-11-01,24875.096,12236.791,44.83,61.86,67.03,7.7,124.8,,93.9,1.8217,1.80586,0.7258,1.57209
2023-12-01,24856.382,12269.714,46.81,62.17,66.95,7.14,123.6,,96.9,1.77326,1.73908,0.72271,1.52236
2024-01-01,24729.934,12415.275,44.31,61.4,66.58,7.78,121.5,109.3,97.5,1.78729,1.74353,0.72077,1.53487
2024-02-01,24862.465,12303.679,44.35,61.39,66.9,8.23,120.3,,95.6,1.85016,1.81435,0.72316,1.57505
2024-03-01,24919.353,12265.904,45.41,61.96,67.01,7.53,120.0,,97.0,1.86566,1.79772,0.72223,1.55217
2024-04-01,24885.301,12323.057,43.93,62.2,66.88,6.99,118.9,110.0,96.2,1.9124,1.79788,0.7217,1.54363
2024-05-01,24755.048,12472.423,44.88,62.09,66.5,6.63,119.2,,95.4,1.88628,1.7385,0.71916,1.48444
2024-06-01,25049.855,12198.551,46.09,62.62,67.25,6.88,120.0,,94.6,1.85111,1.71068,0.71406,1.48358
2024-07-01,24853.861,12413.231,44.72,62.64,66.69,6.08,121.6,111.8,94.3,1.86131,1.74137,0.72158,1.48253
2024-08-01,24641.451,12623.075,45.84,62.53,66.13,5.44,122.5,,94.8,1.81795,1.6933,0.72335,1.43248
2024-09-01,24721.32,12540.439,45.91,62.54,66.35,5.73,121.8,,95.7,1.75548,1.63274,0.72201,1.38009
2024-10-01,24700.661,12560.776,44.71,62.41,66.29,5.85,122.7,113.3,93.4,1.75512,1.63377,0.72774,1.40597
2024-11-01,24608.397,12655.496,43.93,62.12,66.04,5.93,124.2,,92.9,1.75768,1.64318,0.73452,1.42506
2024-12-01,24915.854,12348.238,44.96,62.32,66.86,6.79,124.9,,95.0,1.75614,1.65461,0.73946,1.43448
2025-01-01,25002.616,12239.041,44.32,62.29,67.14,7.22,126.9,113.7,95.3,1.81007,1.71364,0.73986,1.48359
2025-02-01,24948.839,12279.875,44.4,62.54,67.02,6.68,127.8,,94.5,1.82185,1.72517,0.74402,1.47643
2025-03-01,25039.749,12186.197,43.99,62.65,67.26,6.85,124.7,,93.2,1.78012,1.68032,0.74362,1.42016
2025-04-01,24840.618,12373.808,44.21,62.57,66.75,6.26,122.0,113.6,91.8,1.72593,1.61993,0.73962,1.35415
2025-05-01,25154.104,12057.743,44.11,62.81,67.6,7.08,121.2,,93.4,1.69513,1.58986,0.72287,1.331
2025-06-01,25022.022,12184.23,44.52,62.69,67.25,6.78,122.9,,94.0,1.71667,1.62477,0.71051,1.38207
2025-07-01,24708.347,12453.71,44.15,62.54,66.49,5.93,123.5,114.0,93.8,1.72543,1.66083,0.7039,1.41398
2025-08-01,24518.457,12639.852,43.33,62.47,65.98,5.32,122.8,,93.7,1.70186,1.63123,0.70211,1.37904
2025-09-01,24732.64,12416.623,44.11,62.55,66.58,6.04,123.1,,93.8,1.71024,1.63531,0.69714,1.3868
2025-10-01,24712.759,12433.05,43.28,62.78,66.53,5.64,122.8,115.4,94.4,1.69451,1.62232,0.69545,1.38145
2025-11-01,24426.135,12718.409,43.0,62.13,65.76,5.52,124.0,,96.1,1.71901,1.68175,0.69413,1.4157
2025-12-01,24531.682,12609.532,43.43,62.2,66.05,5.83,123.1,,96.5,1.69686,1.6526,0.69482,1.35576
2026-01-01,24600.433,12534.243,43.77,62.8,66.25,5.21,124.9,116.8,97.5,1.63506,1.66547,0.693,1.36161
2026-02-01,24584.058,12542.977,43.54,62.44,66.22,5.7,124.4,,97.3,1.65351,1.70087,0.69425,1.4031
2026-03-01,24539.241,12584.543,42.8,62.34,66.1,5.69,129.9,,97.2,1.76546,1.98758,0.69696,1.82416
2026-04-01,24912.991,12204.801,44.95,63.67,67.12,5.14,130.3,,95.2,1.76366,2.09789,0.79194,1.94356
2026-05-01,24861.356,12249.483,44.39,63.3,66.99,5.52,130.0,,94.2,1.93113,2.00699,0.82563,1.81046
