month,employment_rate_diff,industry_production_prices_diff,companies_trust,rolling_mean_6m,rolling_mean_12m,PCA_labour_market_1,PCA_labour_market_2,PCA_price_energy_1,PCA_price_energy_2,WorkingDays
2.0,1.1199999999999974,0.0,87.3,0.4983333333333333,0.0716666666666667,1.0105292517367996,0.0082489902735536,0.0555599131457831,0.1301864327474022,
3.0,0.1700000000000017,-0.2000000000000028,89.2,0.1549999999999999,0.045,1.324103088446862,0.0058677459947396,0.0358441290260277,0.0973640507132964,
4.0,-1.240000000000002,-0.2000000000000028,88.3,-0.0033333333333332,0.0266666666666666,-2.753315012783468,0.0005345602040695,0.0341154141066498,0.0791952086516195,
5.0,2.210000000000001,-0.0999999999999943,87.6,-0.0666666666666667,0.0391666666666667,1.9214022702778155,0.0080009971899131,0.0451987215942312,0.0660560594590048,
6.0,-0.3999999999999986,0.2000000000000028,89.3,-0.1583333333333332,-0.0275,-1.471142793624843,-0.0149505264997665,0.0416246075141359,0.0717153249254738,
7.0,0.3999999999999986,-0.2999999999999971,91.7,-0.3400000000000001,0.0699999999999999,0.6389893762574896,-0.0441135050138599,0.048849149122122,0.0741732877369831,
8.0,-0.4200000000000017,0.0,88.4,-0.4933333333333334,0.0024999999999999,-3.3534157114477887,-0.0180845922326064,0.0231311100570784,0.084490867954327,
9.0,-0.5799999999999983,0.0,86.1,-0.0883333333333335,0.0333333333333332,4.3051019919069375,0.0049454459301664,0.0195197237781644,0.0763474267541995,
10.0,0.5899999999999963,-0.3000000000000113,85.8,0.1133333333333332,0.055,2.6613472388788524,-0.0076302883748146,-0.0139279145381024,0.0822083677239383,
11.0,-0.5399999999999991,-0.1999999999999886,85.5,0.2766666666666666,0.1049999999999999,-0.4160589691515146,-0.0076756111795244,-0.0428559789115783,0.0681985573769651,
12.0,0.7800000000000011,-0.6000000000000085,87.8,0.1383333333333333,-0.0099999999999999,-3.9712944834865103,-0.0168247653304477,-0.0991419810956048,0.0509855664598574,
1.0,-1.3100000000000025,-1.2000000000000028,89.7,0.1700000000000002,-0.0849999999999999,0.3510266262134867,-0.0066397907386991,-0.1829264456666744,0.0294236983884129,
2.0,-0.6899999999999977,0.5,91.7,0.36,-0.0666666666666667,0.4472980043816081,-0.0059664471518345,-0.0022051863851005,-0.0677203218017361,
3.0,0.6099999999999994,0.0,95.1,0.0966666666666666,0.0041666666666665,0.8271447898181727,-0.0067494268067631,0.0750248347550262,-0.0807315519975793,
4.0,0.3700000000000045,0.0,94.4,-0.2266666666666665,-0.0566666666666666,-0.2984637724442725,-0.0042186180126073,-0.0139177839260308,-0.0246154297827885,
5.0,-0.1500000000000056,0.2000000000000028,94.2,-0.3416666666666668,-0.0325,0.3589594598716532,-0.0082178211503517,0.0422433636133362,-0.0645218293252868,
6.0,-0.1899999999999977,-0.0999999999999943,95.6,-0.0116666666666667,0.0633333333333333,0.0017743998798824,-0.0026601797896971,-0.0295298563229765,-0.0539881537284766,
7.0,2.1899999999999977,-0.4000000000000057,97.5,-0.3833333333333334,-0.1066666666666666,-1.9251688055929776,-0.0424400484429427,-0.0588388074390026,-0.0607359638460448,
8.0,-0.7100000000000009,-0.5999999999999943,96.5,-0.5466666666666665,-0.0933333333333332,-1.3434088881205284,-0.0106645589919971,-0.1239083865303719,-0.0342624416667254,
9.0,0.0900000000000034,-0.2000000000000028,98.2,-0.3249999999999999,-0.1141666666666666,2.486437436718895,0.000548062902328,-0.1077687710241544,-0.0557796371525877,
10.0,0.4500000000000028,-0.2000000000000028,97.7,-0.0233333333333334,-0.125,1.999649999693469,-0.0039850940380387,-0.069606430628783,-0.077718352452091,
11.0,-1.220000000000006,-0.2999999999999971,97.4,-0.0433333333333333,-0.1925,-0.7304876544344335,-0.0057238362104674,-0.0586331870596469,-0.0805052606445015,
12.0,0.8700000000000045,-0.5999999999999943,97.6,-0.0599999999999999,-0.0358333333333333,-2.0474050010835865,-0.0095149021847366,-0.0825549732688802,-0.053800920552596,
1.0,-1.0600000000000025,-0.6000000000000085,95.2,0.235,-0.0741666666666667,1.1849996926528976,-0.0011398691800798,-0.122516940454428,-0.0409933146911389,
2.0,-0.3900000000000005,-0.3999999999999915,95.5,0.4133333333333331,-0.0666666666666667,-1.075088264080616,-0.0099279111139541,-0.1000755727260711,-0.0911815777649376,
3.0,0.3000000000000042,0.0999999999999943,94.6,0.1333333333333334,-0.0958333333333332,1.505974042034384,0.0019840491518926,-0.0211461166870978,-0.1448358477655316,
4.0,0.9799999999999968,-0.5,97.9,-0.04,-0.0316666666666667,1.7354527008427416,-0.0019505171658058,-0.0315529695588319,-0.1350803903724719,
5.0,0.9099999999999966,0.5999999999999943,98.0,-0.1083333333333333,-0.0758333333333333,0.1354105022520462,-0.0060296093627993,0.0044955394563855,-0.1468073652614017,
6.0,0.1700000000000017,0.4000000000000057,95.7,-0.0433333333333335,-0.0516666666666667,0.8121600204217625,0.0034060702928777,0.0004948810670408,-0.1355446765452841,
7.0,-0.1199999999999974,1.0,95.6,-0.2183333333333334,0.0083333333333333,-2.0269243561179118,-0.0357400121176451,-0.0819247111865868,-0.0931421503443293,
8.0,-0.8900000000000006,-0.0999999999999943,93.6,-0.3716666666666664,0.0208333333333333,-2.403470452130288,-0.0013810384086478,-0.0796766667291033,-0.0960229545043679,
9.0,0.490000000000002,0.0,94.2,-0.055,0.0391666666666667,4.022289692981845,0.0102819008358833,-0.0241708059358606,-0.1219415316203258,
10.0,-0.740000000000002,-0.1000000000000085,95.7,0.025,-0.0074999999999999,-0.1007418673379067,0.0022998837867886,-0.0100022367545754,-0.1238421694493102,
11.0,-0.6700000000000017,-0.0999999999999943,95.7,0.1966666666666666,0.0441666666666666,1.191937079571057,0.00438410483971,-0.0493692202489284,-0.0897465859241684,
12.0,1.5,0.5,95.0,0.0983333333333336,0.0275,-2.0135228347354857,0.0021927013155993,0.0075387233989623,-0.1106411316468791,
1.0,-1.0499999999999972,0.7999999999999972,97.5,0.2816666666666665,0.0316666666666665,0.5171563457968853,0.0037081809206005,0.0301127552315966,-0.1030249964444166,
2.0,0.1000000000000014,0.2999999999999971,98.7,0.3116666666666665,-0.0299999999999999,-0.6477775809895117,0.0038511827545462,-0.0145488603081595,-0.048824255224428,
3.0,0.9299999999999996,-0.0999999999999943,99.1,0.0633333333333331,0.0041666666666665,0.4140962077347771,0.0025170991067409,-0.0391219193139437,-0.0290006093019064,
4.0,-0.1000000000000014,0.0999999999999943,100.7,-0.1383333333333333,-0.0566666666666666,0.3239245379408286,0.0061064259423201,-0.017308245904246,-0.0529815018989016,
5.0,0.0399999999999991,-0.2999999999999971,99.3,-0.25,-0.0266666666666666,-0.5235439618749169,0.0063617103303744,-0.0619708475507923,-0.0415967821726995,
6.0,0.7199999999999989,-0.2000000000000028,99.3,-0.2216666666666666,-0.0616666666666665,0.6109352421296798,0.0040818265435885,-0.0760041492542575,-0.036429049591961,
7.0,0.4100000000000037,0.0,98.6,-0.2833333333333332,-0.0008333333333333,0.2220944686157225,-0.0344659987969003,-0.0369975240961278,-0.0582769762599649,
8.0,0.2999999999999971,0.4000000000000057,99.5,-0.2966666666666666,0.0074999999999999,-1.592205676202141,0.0022244960510184,-0.0106180235867162,-0.0635376441499517,
9.0,-1.3100000000000025,0.0999999999999943,100.5,-0.2016666666666665,-0.0691666666666666,1.5225514230363586,0.0062846997221098,0.0191813333753677,-0.0554193481640765,
10.0,-0.25,0.2999999999999971,101.2,0.0266666666666666,-0.0558333333333333,0.4724847612403732,0.0063432259079691,0.0030618027550647,-0.0282243198241285,
11.0,0.5800000000000054,0.3000000000000113,101.3,0.0500000000000001,-0.0999999999999999,1.1437936253155767,0.0053187096038404,0.0343284646632641,-0.0339602355036737,
12.0,-0.2700000000000031,0.0999999999999943,101.0,0.0216666666666665,-0.1,-4.203923899438892,0.0044245017864502,0.0110759524433575,-0.0128929820221621,
1.0,-0.4699999999999988,0.5,99.6,0.1883333333333334,-0.0474999999999998,1.20120496694151,0.0078616770985211,0.0317347586272367,-0.0206742219828169,
2.0,-0.6700000000000017,0.2000000000000028,101.1,0.1866666666666665,-0.055,-0.427729413806923,0.0055715967615174,-0.0375093036166107,-0.0064854644703208,
3.0,2.0,0.2000000000000028,100.2,0.0933333333333331,-0.0541666666666666,1.9639882791957584,0.0068846613662114,-0.018631823252052,-0.0246240116556801,
4.0,-0.3699999999999974,-0.3000000000000113,99.2,0.0,0.0133333333333333,1.2814144672337282,0.0097582600983675,0.0273349861361412,-0.053227560154799,
5.0,0.7100000000000009,0.6000000000000085,98.6,-0.1849999999999999,-0.0674999999999999,-0.3552050597187319,0.0064750790771054,0.0648720179294758,-0.0626454815178259,
6.0,0.7199999999999989,0.2999999999999971,99.2,-0.0666666666666667,-0.0225000000000001,0.3184236765919288,0.0044324453754659,0.0183931667841188,-0.0222961685115444,
7.0,-0.8000000000000043,1.2999999999999972,98.2,-0.3733333333333333,-0.0924999999999999,-2.528836947201709,-0.0496496912866623,-0.0184949921518257,0.0011743365947847,
8.0,-0.1799999999999997,0.2999999999999971,97.7,-0.4749999999999999,-0.1441666666666667,-1.8558715770621237,0.0031297518094901,0.0003437539684305,-0.0043576694608872,
9.0,-0.5,0.4000000000000057,97.9,-0.2633333333333333,-0.0850000000000001,1.7206542422810076,0.0074056067144802,0.0296371799996864,-0.0038478776232997,
10.0,-0.4600000000000008,1.2000000000000028,96.7,-0.025,-0.0125,2.4709637069646777,0.0061854003255237,0.0546810219118407,0.0049210139076472,
11.0,0.2900000000000062,-0.6000000000000085,95.6,0.1016666666666665,-0.0416666666666666,-1.1763663375458788,0.0075065771253016,-0.0498833345482889,0.0465739328669047,
12.0,-0.1500000000000056,-0.3999999999999915,94.3,-0.0383333333333331,-0.0524999999999999,-2.0488455016837777,0.0068051033883122,-0.1259226280885169,0.042538216869134,
1.0,-0.779999999999994,-0.1000000000000085,94.0,0.2766666666666666,-0.0483333333333333,0.8968301538777236,0.0057545136020507,-0.0193803248131937,-0.0181285909402681,
2.0,0.4499999999999957,0.0,93.6,0.4816666666666667,0.0033333333333334,0.0153625033528059,0.0067584224272797,0.0324755939105319,-0.0425083337763525,
3.0,2.270000000000003,-0.0999999999999943,95.1,0.0916666666666667,-0.0858333333333332,0.7710701631253429,0.0061403131260571,0.0314351442262258,-0.0440518647311459,
4.0,-1.3200000000000005,-1.0,94.5,-0.1383333333333333,-0.0816666666666667,0.4215535681098847,0.0080107523929257,0.0320213062006254,-0.0471484716869337,
5.0,0.5,0.0999999999999943,95.0,-0.2216666666666666,-0.06,-0.3877851393030464,0.0062036122348846,0.0023965191770289,-0.0358005622811948,
6.0,0.8200000000000003,-0.2999999999999971,94.3,-0.1750000000000001,-0.1066666666666666,0.2600220261231533,-0.0242919845721579,-0.0738135408968325,-0.013932020004697,
7.0,0.2299999999999968,-0.2000000000000028,94.8,-0.3116666666666668,-0.0175,-0.7948533163429279,-0.0649394262956058,-0.0214545041899082,-0.0581738747105076,
8.0,-0.6599999999999966,-0.3999999999999915,93.8,-0.5283333333333333,-0.0233333333333332,-2.058163013429749,-0.0288056914312756,-0.0574410442162546,-0.0544749807315652,
9.0,-0.240000000000002,0.2000000000000028,93.7,-0.1149999999999999,-0.0116666666666665,2.044875325592432,-0.0131538093575433,-0.0156735052256274,-0.080730439426514,
10.0,-0.2800000000000011,0.0,94.3,-0.0733333333333332,-0.1058333333333333,0.2054255464493811,-0.0129049877048992,-0.0339954396886082,-0.0637419251104258,
11.0,0.75,-0.2000000000000028,93.9,0.0449999999999999,-0.0883333333333333,0.8989847876240463,-0.0057368462386212,-0.0275215636284116,-0.0662480805235498,
12.0,-0.5700000000000003,0.0,95.1,0.1083333333333333,-0.0333333333333333,-2.1249762788843265,-0.0071214708160334,-0.0077688188389491,-0.0606356031040264,
1.0,-1.1400000000000006,-0.2000000000000028,94.1,0.1783333333333333,-0.0666666666666667,0.3345550765181997,-0.0164498709826156,-0.0201340965800054,-0.0355904974781075,
2.0,0.9100000000000036,-0.4000000000000057,94.2,0.3083333333333333,-0.11,-0.452278581435713,0.0027654793332842,-0.0818040423303556,-0.0155722801737521,
3.0,-1.4100000000000037,-1.0,79.3,-0.3666666666666667,-0.2408333333333333,-7.444929934331219,0.0073496200865466,-0.1461140602918028,-0.0033864739590641,
4.0,-2.309999999999995,-2.3999999999999915,95.05,-0.59,-0.3316666666666666,-4.63500976211911,-0.0020883394581207,-0.1579042074578684,-0.0147411535647935,
5.0,0.2899999999999991,-0.1000000000000085,54.3,-0.32,-0.1375,2.664181747488499,-0.0135514967251726,-0.0937676771704261,-0.0526279556439681,
6.0,-0.1700000000000017,0.5,63.6,-0.0650000000000001,0.0216666666666666,2.365661832531605,-0.0323612319445477,-0.0035232131661112,-0.0961001028888689,
7.0,1.0600000000000025,0.8000000000000114,72.0,0.0366666666666667,0.1075,2.6822090130694165,0.0120877764425143,-0.0085938048036287,-0.0931564464883932,
8.0,1.269999999999996,0.0999999999999943,77.8,-0.0683333333333333,0.1199999999999999,0.5075501604626459,-0.0557989323039133,-0.0460107361882187,-0.0750996048996577,
9.0,-0.9099999999999966,0.0999999999999943,86.5,0.4633333333333334,0.0483333333333333,1.194240060022539,-0.0482515574762028,-0.0626464610680161,-0.0694090827668381,
10.0,0.9199999999999946,0.6000000000000085,88.2,0.685,0.0475,0.5873934933991531,-0.0422112164370105,-0.0492692471990437,-0.0765657996625224,
11.0,-0.7999999999999972,-0.2000000000000028,79.4,0.1699999999999999,-0.075,-2.6723705752756706,-0.0300979591324997,-0.028403762009504,-0.0809148190300144,
12.0,-1.1300000000000026,0.5,82.8,0.0299999999999999,-0.0175,-1.874556278147368,-0.030112066614998,0.0312249757082465,-0.0887869946419918,
1.0,-1.4299999999999995,1.2000000000000028,87.0,0.04,0.0383333333333334,-1.0904737590906095,-0.0219766746178478,0.0344293023599373,-0.0710045684527737,
2.0,1.2000000000000028,0.5,89.9,0.1849999999999999,0.0583333333333332,0.6555712205115763,-0.0161767969402739,0.0560012408937878,-0.0685118019782858,
3.0,0.6499999999999986,0.7999999999999972,91.5,0.0049999999999998,0.2341666666666666,0.752284451918823,-0.0177389744668995,0.0650301990841806,-0.0561162292903114,
4.0,0.3599999999999994,1.2000000000000028,93.2,-0.0599999999999999,0.3125,1.5823539260270132,-0.0273219948935822,-0.0044111218875495,-0.0185942641168607,
5.0,1.75,1.0999999999999943,99.1,0.1050000000000001,0.1375,0.9950005504499144,-0.0274606729871471,0.0113565444847968,-0.0262943605212016,
6.0,0.9600000000000009,1.4000000000000057,103.0,-0.0783333333333331,-0.0241666666666665,2.1527260744282373,-0.0095889080335305,0.03203489396195,-0.0333817398230537,
7.0,1.6700000000000017,2.799999999999997,105.9,-0.3483333333333336,-0.1541666666666667,0.1013336910814022,0.0277316346856228,0.0485563978382128,-0.0247339420733836,
8.0,-1.6600000000000037,0.4000000000000057,105.9,-0.3516666666666665,-0.0833333333333333,-2.1188245307142197,-0.022619737494752,0.0025608092397879,0.0132551270971126,
9.0,0.2800000000000011,1.5999999999999943,105.7,-0.2450000000000001,-0.1200000000000001,2.247069629907632,-0.0155882346509444,0.0396171960075559,0.0121511915295169,
10.0,0.6300000000000026,7.200000000000003,106.6,-0.0883333333333335,-0.0741666666666667,0.8666561076204972,-0.3082907871137604,0.1638597554711507,0.0584137183801547,
11.0,-0.2300000000000039,1.3999999999999917,106.2,-0.1516666666666667,-0.0233333333333332,0.2681379718737494,0.0004931167939347,0.0874291410762727,0.1263936959474707,
12.0,0.1300000000000025,1.2000000000000028,106.2,-0.0500000000000001,-0.0641666666666666,-1.9510789732515157,0.0070246649724071,0.030579011071268,0.1396452478213178,
1.0,-1.6899999999999975,10.799999999999995,100.0,0.0283333333333336,-0.16,-2.0500131467495897,0.003496801564072,0.1336730150644795,0.0868757351132228,
2.0,1.6299999999999957,0.4000000000000057,101.8,0.0016666666666666,-0.1749999999999999,1.248664603522615,0.0054169849151355,0.1904185977744396,0.0606076053463212,
3.0,0.5500000000000043,5.0,98.7,-0.0699999999999999,-0.1575,1.3074586833651278,-0.0024884511994945,0.4239315853923863,-0.0053831470343839,
4.0,0.2199999999999988,0.1999999999999886,97.7,-0.2299999999999998,-0.1591666666666666,-0.0114273339059355,-0.0005756851319,-0.1730663772815441,0.2581815288877068,
5.0,0.240000000000002,0.700000000000017,99.9,-0.1566666666666666,-0.1541666666666666,-0.0527339106876462,-0.0934785558497864,0.1549089948882268,0.0939737328562876,
6.0,1.7199999999999989,1.4000000000000057,101.5,-0.1683333333333333,-0.1091666666666667,2.4994643800906347,-0.0142093412599475,0.3161393339244758,0.0132717615510014,
7.0,-1.3100000000000025,6.5,98.8,-0.2666666666666668,-0.1191666666666665,-1.934808437403469,-0.0048996035647629,-0.0205499552610859,0.1675343150371392,
8.0,-0.519999999999996,3.899999999999977,98.6,-0.1683333333333333,-0.0833333333333333,-2.2215852265217606,-0.0025266129306183,-0.1854371431501769,0.2224665792212264,
9.0,0.9499999999999956,3.9000000000000057,94.6,-0.11,-0.09,2.130813847568963,-0.0093978214596184,0.0089816135464598,0.12766999860552,
10.0,-0.8399999999999963,-5.199999999999989,94.5,-0.025,-0.1274999999999999,1.6568516259622357,0.058636189952291,0.1084224290799103,0.0676405753678106,
11.0,1.0,3.6999999999999886,96.0,-0.0150000000000001,-0.0858333333333333,-1.324816147371936,0.0151461913963522,-0.0320234259637153,0.1153283403105919,
12.0,0.029999999999994,4.099999999999994,97.4,0.01,-0.0791666666666666,0.1091615813754911,0.0014486271370763,-0.076134157763487,0.1415688074922947,
1.0,-1.75,-11.099999999999994,98.0,0.1633333333333332,-0.0516666666666667,0.5355469042571647,0.0007597050926311,0.2306123614966272,0.0201837829805443,
2.0,2.010000000000005,-1.299999999999983,98.2,0.1033333333333332,-0.0325,0.0214443007320288,0.0157540750347819,0.010333726529159,0.1253566487675359,
3.0,-0.3500000000000014,-2.0,98.5,0.0566666666666669,-0.0266666666666665,0.2112174985370273,0.0100632954028279,0.0042150476171667,0.125694723961824,
4.0,-0.6300000000000026,-6.500000000000014,99.8,-0.0133333333333333,-0.0191666666666667,0.3663337540124962,-0.0029201533475674,-0.0005037322530895,0.1083324644965384,
5.0,1.1500000000000057,-2.799999999999997,97.3,-0.0433333333333333,-0.0291666666666667,-0.3100408286162744,-0.0040999536116189,-0.0750599549680843,0.1222797935418382,
6.0,1.5499999999999972,-0.4000000000000057,96.6,-0.15,-0.0699999999999999,1.7260164356293357,-0.0007005224202333,0.0506459233039505,0.0333282815349935,
7.0,-1.7000000000000028,-0.1999999999999886,97.1,-0.1549999999999999,0.0041666666666666,-1.2120227547179308,0.0034285649797271,0.0673404932609294,0.0013169698299807,
8.0,-0.3699999999999974,0.5999999999999943,96.2,-0.2283333333333332,-0.0625,-1.84829872728398,0.0085709788279536,0.1777917552126925,-0.0521262391197496,
9.0,0.5399999999999991,0.7999999999999972,94.9,-0.1216666666666667,-0.0324999999999999,2.9407757752595627,-0.004186783523932,0.1202391377347359,-0.0212327980237746,
10.0,0.0200000000000031,1.9000000000000057,94.8,0.0133333333333333,0.0,2.0652329514279693,0.0007280689687521,-0.0510719025216045,0.0704499126884611,
11.0,-0.3000000000000042,-1.4000000000000057,93.9,0.0116666666666667,-0.0158333333333332,-2.3902353167058465,0.0749660743812442,-0.1133174612621381,0.102016948698049,
12.0,1.980000000000004,-1.2000000000000028,96.9,-0.0016666666666667,-0.0758333333333334,-0.2272999990341011,0.0733371708227122,-0.0687931069431821,0.0773587987548019,
1.0,-2.5,-2.0999999999999943,97.5,0.02,-0.0674999999999999,-0.9502690239187124,0.0860977869157474,0.0327698658594765,0.0271955434381506,
2.0,0.0399999999999991,-1.2000000000000028,95.6,0.1933333333333333,-0.0174999999999999,0.751972961218752,0.0879360968291261,0.1097174151235756,-0.0067444205821219,
3.0,1.0599999999999952,-0.2999999999999971,97.0,-0.02,-0.0708333333333333,0.2505617160274148,0.0868097261709104,0.0053706963862689,0.0413061553403042,
4.0,-1.4799999999999969,-1.0999999999999943,96.2,-0.2099999999999999,-0.0983333333333333,-0.3553904869739962,0.0959337671984388,0.037759038656772,0.0251780029636343,
5.0,0.9500000000000028,0.2999999999999971,95.4,-0.1783333333333333,-0.0833333333333333,-0.9752229260080528,0.0860933619586647,-0.0590530499176518,0.068437255727897,
6.0,1.2100000000000009,0.7999999999999972,94.6,-0.0433333333333333,-0.0225,1.8191356279267037,0.0871653271370092,-0.0202914183573715,0.0453085476504838,
7.0,-1.3700000000000043,1.5999999999999943,94.3,-0.2833333333333334,-0.1316666666666666,-1.4114387690227104,0.0870276667782851,0.039248698947996,0.0249961058208307,
8.0,1.1200000000000043,0.9000000000000057,94.8,-0.465,-0.1358333333333333,-1.4367521293227998,0.0275109710121221,-0.055565304752563,0.071785250702036,
9.0,0.0699999999999931,-0.7000000000000028,95.7,-0.3,-0.16,0.4903662303522551,0.0241669607496212,-0.0742364977788972,0.0793358359324282,
10.0,-1.1999999999999955,0.9000000000000057,93.4,-0.19,-0.2,-0.1874002678941523,0.0338498136772729,0.0327447929163029,0.0352505443989265,
11.0,-0.7800000000000011,1.5,92.9,-0.1166666666666667,-0.1475,-0.6645816072483351,0.0405006786155354,0.0385892065194687,0.039892246230492,
12.0,1.0300000000000011,0.7000000000000028,95.0,-0.0149999999999999,-0.0291666666666666,1.978001466467943,0.0305834067474073,0.0350367754623813,0.0469905924174283,
1.0,-0.6400000000000006,2.0,95.3,0.1899999999999999,-0.0466666666666667,0.6134072433861921,-0.0314215474595043,0.1098969575338506,0.0118318310098038,
2.0,0.0799999999999983,0.8999999999999915,94.5,0.2066666666666665,-0.1291666666666667,-0.3545134104045077,-0.0019089631153564,0.0360384730431729,0.0511973950758121,
3.0,-0.4099999999999966,-3.0999999999999943,93.2,0.1866666666666665,-0.0566666666666667,0.5552791542797886,0.0266361022695723,-0.0472305262919697,0.0901806757621274,
4.0,0.2199999999999988,-2.700000000000003,91.8,0.0683333333333333,-0.0608333333333333,-1.317529580545292,0.0032973058549426,-0.0688237446553401,0.095991694867714,
5.0,-0.1000000000000014,-0.7999999999999972,93.4,0.1916666666666667,0.0375,2.0353859002212764,0.0204912740810256,-0.0262109588093678,0.0575422103515221,
6.0,0.4100000000000037,1.7000000000000028,94.0,-0.0016666666666666,-0.0083333333333333,-0.90424726686621,0.0211040168840873,0.067863924651457,-0.0003510602557575,
7.0,-0.3700000000000045,0.5999999999999943,93.8,-0.215,-0.0125,-1.95484423894734,-0.084142720549357,0.0497786342079347,0.0008567557217179,
8.0,-0.8200000000000003,-0.7000000000000028,93.7,-0.2266666666666665,-0.01,-1.2941152561182667,0.0273866618128693,-0.0367206491702453,0.0393242010242137,
9.0,0.7800000000000011,0.2999999999999971,93.8,-0.1349999999999999,0.0258333333333333,1.407409771827976,0.0028563487103035,0.0172108860130234,0.0084414194737345,
10.0,-0.8299999999999983,-0.2999999999999971,94.4,-0.1033333333333333,-0.0174999999999999,-0.1688342419308762,0.0246468360606131,-0.0119628449410563,0.0205098214397361,
11.0,-0.2800000000000011,1.2000000000000028,96.1,-0.26,-0.0341666666666666,-1.9387434863867472,0.0344248525269856,0.0680094675110047,-0.0187007379252066,
12.0,0.4299999999999997,-0.9000000000000057,96.5,-0.1583333333333333,-0.08,0.6620898769162791,0.022246504058716,-0.0508685419898402,0.0376588993386275,
1.0,0.3400000000000034,1.8000000000000114,97.5,-0.1199999999999999,-0.1674999999999999,0.4333644972203056,0.0131702125456041,-0.0172796623977634,0.0211283625611778,
,-0.08945725153323464,0.07406322105779725,97.11796724765863,-0.0504011825491582,-0.14440608266243563,0.25651019210630666,-0.003330241983261678,0.021205050899815704,-0.002167255585429036,20.0
,0.039906393313124865,-0.5348422689141707,97.11987184411481,-0.045745579219990215,-0.1327039065426905,-0.3817757824745759,0.011221791836840946,-0.014085576817601567,-0.006371288261604562,23.0
,0.039906393313124865,0.7887635047196433,96.51795277677364,0.04040949839284793,-0.13246801189311824,-0.3920088494186996,0.014440654383342456,-0.010970576923560179,-0.007768651281533464,22.0
,0.039906393313124865,1.6035778649122674,96.33641856503488,0.030401775849101927,-0.2130096826713384,0.8620103768328676,0.009858261447544954,0.009161675287947911,-0.020997716243962235,21.0
,0.039906393313124865,-0.2868117011270101,96.37411446507714,0.0481844544908873,-0.15912272577995865,0.10527719645094771,0.0011136640730028489,-0.0006194143296484628,-0.0075628174522899124,22.0
,0.039906393313124865,0.2802158513999393,96.45640596474423,0.15887999516369244,-0.13659918806848792,-0.6960709427385414,0.011606146408102275,0.017399074704076964,-0.011162559762795855,22.0
,0.039906393313124865,0.4683289015837769,96.27311344858597,0.08835338390583253,-0.17742072035180215,-0.28296482247581556,0.0007675131294222104,-0.030348050797248043,0.010329656030936458,22.0
,0.039906393313124865,0.13357574071446582,96.27022402066929,0.016247083672960398,-0.16920567024489788,0.42340378387718336,0.00040650914678115,0.01650509462173118,-0.00900804652019366,22.0
,0.039906393313124865,0.4936023126134424,96.15409734791047,-0.022717527195873964,-0.0944436755618366,0.18702802514453504,0.0026195422120729775,-0.007218853529693847,0.005703104141913221,21.0
,0.039906393313124865,0.0395920913477244,95.81446018290688,-0.021366579672316727,-0.10811109640611379,-0.3577519760139009,0.0012896752530991477,0.003493878781773738,0.002474015773968621,22.0
,0.039906393313124865,0.9492578053036929,95.33016066354664,-0.07275012055812273,-0.08581602833902974,0.11260228185432669,-0.00012196211017557887,-0.00156133695611385,0.004625021993494409,23.0
,0.039906393313124865,-0.1649124697209558,94.91566961908153,-0.08412633843525684,-0.02557568302202507,-0.1269492366071325,0.00047771455594564966,0.00019654909750473895,-5.869584392857627e-06,20.0
